yummy,convenient,spicy,fattening,greasy,fast,cheap,tasty,expensive,healthy,disgusting,Like,Age,VisitFrequency,Gender
No,Yes,No,Yes,No,Yes,Yes,No,Yes,No,No,-3,61,Every three months,Female
Yes,Yes,No,Yes,Yes,Yes,Yes,Yes,Yes,No,No,+2,51,Every three months,Female
No,Yes,Yes,Yes,Yes,Yes,No,Yes,Yes,Yes,No,+1,62,Every three months,Female
Yes,Yes,No,Yes,Yes,Yes,Yes,Yes,No,No,Yes,+4,69,Once a week,Female
No,Yes,No,Yes,Yes,Yes,Yes,No,No,Yes,No,+2,49,Once a month,Male
Yes,Yes,No,Yes,No,Yes,Yes,Yes,No,No,No,+2,55,Every three months,Male
Yes,Yes,Yes,Yes,No,Yes,No,Yes,Yes,Yes,No,+2,56,Every three months,Female
Yes,Yes,No,Yes,Yes,Yes,Yes,Yes,No,No,No,I love it!+5,23,Once a week,Female
No,No,No,Yes,Yes,No,No,No,Yes,No,Yes,I hate it!-5,58,Once a year,Male
Yes,Yes,No,Yes,Yes,Yes,No,Yes,Yes,No,No,+1,32,Every three months,Female
No,Yes,No,Yes,No,Yes,Yes,No,No,No,Yes,-2,53,Every three months,Female
Yes,Yes,No,Yes,Yes,Yes,No,Yes,Yes,No,Yes,+3,28,Once a month,Male
No,Yes,No,Yes,No,Yes,Yes,No,No,No,No,0,65,Every three months,Male
Yes,Yes,No,Yes,No,Yes,No,Yes,Yes,Yes,No,I love it!+5,54,Once a month,Male
No,Yes,No,Yes,No,Yes,No,No,Yes,No,No,-3,67,Once a month,Male
Yes,Yes,No,Yes,No,Yes,Yes,Yes,No,No,No,+3,51,Once a month,Male
Yes,Yes,No,Yes,Yes,Yes,Yes,Yes,No,No,No,0,34,Once a month,Female
Yes,Yes,No,No,Yes,Yes,No,Yes,No,No,No,+2,31,Once a month,Male
No,No,No,Yes,Yes,Yes,Yes,No,Yes,No,Yes,-4,47,Every three months,Female
Yes,Yes,No,Yes,Yes,Yes,No,Yes,Yes,No,Yes,I love it!+5,37,More than once a week,Male
Yes,Yes,No,Yes,Yes,Yes,No,Yes,Yes,No,Yes,+2,41,Once a year,Female
Yes,Yes,No,Yes,No,Yes,Yes,Yes,Yes,No,No,+2,36,Once a month,Male
Yes,Yes,Yes,Yes,Yes,Yes,Yes,Yes,Yes,No,Yes,-2,23,Once a week,Female
Yes,Yes,Yes,Yes,No,Yes,No,Yes,Yes,No,No,I love it!+5,50,More than once a week,Female
Yes,Yes,No,Yes,No,Yes,Yes,Yes,No,Yes,No,+2,39,Every three months,Female
Yes,Yes,No,Yes,Yes,Yes,Yes,No,Yes,No,No,0,35,Every three months,Female
Yes,Yes,No,Yes,Yes,Yes,Yes,Yes,No,No,Yes,0,20,Every three months,Male
No,Yes,No,Yes,Yes,Yes,No,Yes,No,Yes,No,0,34,Once a month,Female
No,Yes,No,No,No,Yes,No,No,No,No,No,0,55,Every three months,Male
Yes,Yes,No,Yes,No,Yes,Yes,Yes,No,Yes,No,+3,24,Every three months,Female
Yes,Yes,No,Yes,Yes,Yes,Yes,Yes,No,No,No,+3,44,Once a month,Male
No,Yes,No,No,No,Yes,Yes,Yes,No,Yes,No,+3,40,Once a month,Female
Yes,Yes,No,Yes,Yes,Yes,Yes,Yes,No,No,No,+1,55,Once a month,Male
No,Yes,No,Yes,Yes,Yes,Yes,No,No,No,Yes,-4,37,Never,Male
Yes,Yes,No,Yes,No,Yes,Yes,Yes,No,Yes,No,+4,48,Once a week,Male
No,Yes,No,Yes,Yes,Yes,Yes,No,No,No,Yes,-2,54,Every three months,Female
Yes,Yes,No,Yes,No,Yes,Yes,Yes,No,Yes,No,+3,38,Every three months,Female
No,Yes,No,Yes,Yes,Yes,Yes,No,No,No,Yes,I hate it!-5,49,Every three months,Female
No,No,No,Yes,Yes,Yes,Yes,No,No,No,Yes,-4,35,Never,Female
No,No,No,Yes,Yes,Yes,No,No,Yes,No,Yes,-4,55,Once a year,Male
Yes,No,No,Yes,No,No,No,Yes,Yes,No,No,+2,31,Once a year,Male
Yes,Yes,No,Yes,No,Yes,Yes,Yes,No,Yes,No,+3,57,More than once a week,Male
Yes,Yes,Yes,Yes,No,Yes,Yes,Yes,No,Yes,No,+4,69,More than once a week,Male
Yes,Yes,No,Yes,No,Yes,No,Yes,No,No,No,+3,37,Every three months,Female
No,Yes,No,Yes,Yes,Yes,Yes,No,No,No,Yes,I hate it!-5,60,Never,Male
Yes,Yes,Yes,Yes,Yes,Yes,Yes,Yes,Yes,Yes,Yes,+2,36,Once a month,Male
No,Yes,No,No,No,Yes,No,Yes,No,Yes,No,+1,54,Every three months,Male
Yes,Yes,No,Yes,No,Yes,No,Yes,Yes,No,No,+4,66,Once a month,Male
Yes,Yes,No,Yes,No,Yes,Yes,Yes,No,No,No,0,32,Once a month,Female
Yes,Yes,No,Yes,Yes,Yes,Yes,Yes,No,No,No,+2,67,Once a year,Male
No,Yes,Yes,Yes,Yes,Yes,No,No,Yes,No,Yes,-4,42,Once a week,Female
Yes,Yes,No,Yes,Yes,Yes,Yes,No,No,No,No,+2,26,Once a month,Female
Yes,Yes,No,Yes,Yes,Yes,No,Yes,Yes,No,No,+1,58,Once a year,Female
No,Yes,No,Yes,No,Yes,No,No,Yes,No,Yes,I hate it!-5,48,Once a month,Male
Yes,Yes,No,No,No,Yes,Yes,Yes,No,Yes,No,+4,54,Once a month,Female
No,Yes,No,Yes,No,Yes,Yes,Yes,No,No,No,0,62,Once a year,Male
No,Yes,No,Yes,Yes,Yes,Yes,No,No,No,Yes,-4,52,Once a year,Female
No,Yes,No,Yes,Yes,Yes,Yes,No,No,No,No,0,53,Every three months,Male
Yes,Yes,No,Yes,No,Yes,Yes,Yes,No,No,No,+4,47,More than once a week,Male
Yes,Yes,No,Yes,Yes,Yes,Yes,Yes,No,No,No,I love it!+5,26,Once a month,Female
Yes,Yes,No,Yes,Yes,Yes,No,Yes,No,No,No,I love it!+5,29,Once a week,Female
Yes,Yes,No,Yes,Yes,Yes,Yes,Yes,No,Yes,No,+3,24,Once a week,Male
Yes,Yes,No,Yes,No,Yes,Yes,Yes,No,Yes,No,I love it!+5,25,Once a week,Female
No,Yes,No,Yes,Yes,Yes,No,No,Yes,No,No,0,54,Once a month,Male
Yes,Yes,No,Yes,Yes,Yes,Yes,Yes,No,No,No,+4,23,Once a month,Female
No,No,No,Yes,No,Yes,No,No,Yes,No,Yes,0,34,Never,Female
No,Yes,No,No,No,No,No,No,Yes,No,No,+1,47,Every three months,Male
Yes,Yes,Yes,Yes,Yes,Yes,Yes,Yes,Yes,Yes,Yes,+3,22,Once a week,Male
No,Yes,No,Yes,No,Yes,Yes,Yes,No,Yes,No,0,47,Once a year,Male
Yes,Yes,No,Yes,No,Yes,Yes,Yes,No,No,No,+4,56,Once a month,Male
No,Yes,No,Yes,No,Yes,Yes,No,No,Yes,No,-1,55,Every three months,Male
Yes,Yes,No,No,No,Yes,Yes,Yes,No,Yes,No,+3,56,Every three months,Female
No,Yes,No,Yes,No,No,No,Yes,Yes,No,No,0,56,Every three months,Female
No,Yes,No,Yes,Yes,Yes,Yes,Yes,No,No,No,+2,37,Every three months,Female
Yes,Yes,No,No,No,Yes,Yes,Yes,No,Yes,No,I love it!+5,50,Once a week,Female
No,Yes,No,Yes,Yes,No,No,No,Yes,No,Yes,-1,40,Every three months,Male
Yes,Yes,No,Yes,No,Yes,Yes,Yes,No,No,No,+4,61,Once a week,Male
No,Yes,No,Yes,No,Yes,No,No,Yes,No,No,-2,55,Every three months,Male
Yes,Yes,Yes,Yes,Yes,Yes,No,Yes,Yes,No,No,-1,45,Once a year,Female
Yes,Yes,No,No,No,Yes,Yes,Yes,No,Yes,No,+1,42,Once a month,Male
No,Yes,No,Yes,Yes,Yes,No,No,No,No,Yes,+2,52,Every three months,Male
No,Yes,No,Yes,No,Yes,Yes,Yes,No,No,No,+2,58,Once a year,Female
No,Yes,No,Yes,No,Yes,Yes,Yes,No,No,No,+1,48,Once a month,Male
Yes,Yes,No,No,No,Yes,Yes,Yes,No,Yes,No,+3,58,Once a week,Male
No,No,No,Yes,Yes,Yes,No,Yes,Yes,No,No,-3,18,Once a year,Male
Yes,Yes,No,No,No,Yes,Yes,Yes,No,No,No,+4,68,Once a month,Female
Yes,Yes,No,Yes,Yes,Yes,Yes,Yes,Yes,No,Yes,+1,49,Once a month,Female
No,Yes,No,Yes,Yes,No,No,Yes,Yes,No,No,I hate it!-5,50,Once a week,Female
Yes,Yes,No,Yes,No,Yes,No,Yes,Yes,No,No,+2,43,Every three months,Female
Yes,Yes,Yes,Yes,No,Yes,Yes,Yes,Yes,No,No,+4,67,Every three months,Male
Yes,Yes,No,Yes,No,Yes,Yes,Yes,No,No,No,+1,40,Once a week,Female
Yes,Yes,No,Yes,Yes,Yes,Yes,Yes,No,No,Yes,I hate it!-5,35,Never,Male
No,No,No,Yes,Yes,No,No,No,Yes,No,Yes,I hate it!-5,42,Every three months,Female
No,Yes,No,Yes,No,Yes,Yes,Yes,No,No,No,+2,41,Every three months,Female
Yes,Yes,No,Yes,Yes,Yes,Yes,Yes,No,Yes,No,+4,32,Once a month,Male
Yes,Yes,No,Yes,Yes,Yes,No,Yes,No,No,No,+3,21,Once a month,Female
No,Yes,No,Yes,Yes,Yes,Yes,Yes,No,No,No,+4,56,Once a week,Female
No,Yes,No,Yes,Yes,Yes,No,No,No,No,No,+2,27,Every three months,Male
No,Yes,No,Yes,Yes,Yes,No,No,Yes,No,No,0,48,Once a year,Female
Yes,Yes,No,Yes,No,Yes,Yes,Yes,No,No,No,+2,32,Once a week,Male
No,Yes,No,Yes,Yes,Yes,Yes,No,No,No,No,+3,50,Once a month,Male
Yes,Yes,No,Yes,Yes,Yes,No,Yes,Yes,No,No,+2,42,Once a year,Female
Yes,Yes,Yes,Yes,Yes,Yes,Yes,Yes,Yes,Yes,Yes,I love it!+5,35,More than once a week,Male
Yes,Yes,Yes,Yes,No,Yes,Yes,Yes,No,No,No,+4,57,Once a month,Female
Yes,Yes,No,Yes,No,Yes,No,Yes,No,No,No,+3,68,Once a month,Male
No,Yes,No,Yes,No,Yes,No,No,Yes,No,No,+3,51,Once a month,Female
Yes,Yes,No,Yes,Yes,No,No,Yes,Yes,No,Yes,-2,42,Every three months,Female
No,Yes,No,Yes,No,No,No,No,No,No,No,0,44,Every three months,Female
Yes,Yes,No,Yes,No,Yes,Yes,Yes,No,No,No,+2,57,Once a year,Female
No,Yes,No,Yes,Yes,Yes,Yes,No,No,No,No,+2,56,Once a year,Female
No,Yes,Yes,Yes,No,No,No,No,No,No,No,-2,57,Every three months,Female
Yes,Yes,No,No,No,Yes,No,Yes,Yes,Yes,No,I love it!+5,33,Once a week,Female
No,No,No,Yes,Yes,No,No,No,Yes,No,Yes,-3,63,Every three months,Male
Yes,Yes,No,Yes,No,Yes,No,Yes,Yes,No,No,+2,55,Once a month,Male
No,Yes,No,Yes,Yes,No,No,No,Yes,No,No,0,39,Every three months,Female
No,Yes,No,Yes,No,Yes,Yes,No,No,No,No,-3,65,Never,Male
Yes,Yes,Yes,Yes,Yes,Yes,Yes,Yes,No,Yes,No,+4,47,Once a week,Female
Yes,Yes,No,Yes,No,Yes,Yes,Yes,No,Yes,No,+1,37,Every three months,Female
No,Yes,No,Yes,Yes,Yes,Yes,No,No,No,Yes,-1,22,Once a year,Male
No,Yes,No,Yes,Yes,Yes,Yes,No,No,No,No,-2,51,Every three months,Male
Yes,Yes,No,No,No,Yes,Yes,Yes,No,Yes,No,I love it!+5,24,Once a month,Female
Yes,Yes,Yes,Yes,Yes,Yes,Yes,Yes,Yes,No,No,+1,49,Once a month,Female
Yes,Yes,No,Yes,No,Yes,No,Yes,Yes,Yes,No,I love it!+5,55,Once a month,Female
No,Yes,No,Yes,No,Yes,Yes,No,No,No,Yes,I hate it!-5,48,Once a year,Male
Yes,Yes,No,Yes,Yes,Yes,Yes,Yes,No,No,No,+3,24,Every three months,Female
No,Yes,No,Yes,No,Yes,No,Yes,Yes,No,No,-2,47,Every three months,Male
No,Yes,No,Yes,No,Yes,Yes,No,No,No,Yes,-4,54,Once a year,Male
Yes,Yes,No,Yes,No,Yes,Yes,Yes,No,No,No,+4,23,Once a week,Female
No,Yes,No,Yes,Yes,Yes,Yes,No,No,Yes,No,+1,34,Every three months,Female
Yes,Yes,No,Yes,Yes,Yes,Yes,Yes,No,No,Yes,+3,32,Once a month,Female
No,Yes,No,No,No,Yes,Yes,No,No,No,No,+3,58,Once a month,Female
No,Yes,No,Yes,No,Yes,No,No,Yes,No,No,0,46,Once a year,Female
Yes,Yes,No,Yes,No,Yes,Yes,Yes,No,No,No,0,23,Every three months,Female
Yes,Yes,No,Yes,Yes,Yes,Yes,Yes,No,No,No,+1,31,Once a month,Male
No,Yes,No,Yes,Yes,Yes,Yes,Yes,No,No,No,0,59,Once a year,Male
No,Yes,Yes,Yes,Yes,Yes,No,No,Yes,Yes,No,0,47,Once a month,Male
Yes,Yes,No,Yes,No,Yes,Yes,Yes,No,No,No,+3,58,More than once a week,Female
Yes,Yes,No,Yes,No,Yes,Yes,Yes,No,No,No,+4,55,Every three months,Male
Yes,Yes,No,Yes,Yes,No,Yes,Yes,No,No,No,+4,62,Once a month,Female
Yes,Yes,No,Yes,Yes,Yes,Yes,Yes,No,No,No,+2,20,Once a month,Male
No,Yes,No,Yes,No,Yes,Yes,Yes,No,No,No,0,42,Every three months,Male
No,Yes,No,Yes,Yes,Yes,Yes,No,No,No,Yes,-3,29,Once a month,Male
No,Yes,No,Yes,No,Yes,No,No,Yes,No,No,+1,63,Once a month,Male
No,Yes,No,Yes,Yes,Yes,Yes,Yes,No,No,Yes,+2,26,Once a week,Male
Yes,No,No,Yes,Yes,Yes,Yes,Yes,No,No,No,I love it!+5,19,Once a month,Female
Yes,Yes,No,Yes,No,Yes,Yes,Yes,No,No,No,+1,61,Once a year,Female
Yes,Yes,No,Yes,Yes,Yes,No,Yes,Yes,No,No,I love it!+5,19,Once a week,Male
Yes,Yes,No,Yes,No,Yes,No,Yes,Yes,Yes,No,+4,56,Once a month,Female
No,Yes,No,Yes,Yes,Yes,No,No,Yes,No,Yes,-4,39,Once a year,Female
Yes,Yes,No,Yes,Yes,Yes,No,Yes,Yes,No,No,0,45,Once a month,Male
No,No,No,Yes,Yes,No,No,No,Yes,No,Yes,I hate it!-5,52,Once a year,Male
Yes,Yes,No,No,No,Yes,Yes,Yes,No,Yes,No,0,42,Once a month,Female
Yes,Yes,No,Yes,Yes,Yes,No,Yes,Yes,No,No,+3,47,Once a month,Female
Yes,Yes,No,Yes,No,Yes,Yes,Yes,No,No,No,I love it!+5,22,Once a week,Female
Yes,Yes,Yes,Yes,Yes,Yes,Yes,Yes,No,No,No,+2,63,Once a month,Male
Yes,Yes,No,Yes,Yes,Yes,Yes,Yes,No,No,No,I love it!+5,65,Every three months,Female
No,Yes,No,No,No,Yes,Yes,Yes,No,No,No,+1,63,Every three months,Male
Yes,Yes,No,Yes,Yes,Yes,No,Yes,Yes,No,No,+3,25,Once a month,Male
Yes,Yes,No,Yes,Yes,Yes,No,Yes,Yes,No,No,+1,62,Once a year,Male
No,Yes,No,Yes,Yes,No,Yes,No,No,No,No,0,59,Once a year,Female
No,Yes,No,Yes,Yes,Yes,Yes,Yes,No,No,No,+1,67,Once a year,Male
No,No,No,Yes,Yes,Yes,No,No,Yes,No,Yes,I hate it!-5,60,Never,Male
Yes,Yes,No,No,No,Yes,Yes,Yes,No,Yes,No,+4,69,Once a week,Male
No,No,No,Yes,Yes,Yes,No,No,Yes,No,Yes,I hate it!-5,40,Never,Male
Yes,Yes,No,No,No,Yes,Yes,Yes,No,Yes,No,+2,67,Once a year,Male
Yes,Yes,No,No,No,Yes,Yes,Yes,No,Yes,No,+2,37,Every three months,Female
No,Yes,Yes,No,Yes,Yes,No,No,Yes,No,No,-4,65,Every three months,Male
Yes,Yes,No,Yes,No,Yes,No,Yes,Yes,No,No,+3,64,Once a month,Female
Yes,Yes,No,Yes,No,Yes,Yes,Yes,No,No,No,+4,57,Once a month,Female
Yes,Yes,No,Yes,Yes,Yes,No,Yes,Yes,Yes,No,I love it!+5,37,Once a week,Male
Yes,Yes,No,Yes,Yes,Yes,No,Yes,Yes,Yes,No,+2,39,Once a month,Female
Yes,Yes,No,Yes,No,Yes,No,Yes,No,No,No,+1,64,Every three months,Male
Yes,Yes,No,Yes,Yes,Yes,Yes,Yes,No,No,Yes,-2,23,Once a year,Male
Yes,No,Yes,Yes,Yes,Yes,Yes,No,No,No,Yes,+2,50,Once a week,Female
No,Yes,No,Yes,Yes,Yes,No,No,Yes,No,Yes,-4,60,Every three months,Male
No,Yes,No,Yes,Yes,Yes,No,No,Yes,No,Yes,-2,32,Once a year,Male
No,Yes,No,Yes,Yes,Yes,Yes,No,No,No,Yes,I hate it!-5,59,Never,Female
No,No,No,Yes,No,Yes,No,No,Yes,No,Yes,-2,37,Once a month,Male
Yes,Yes,No,Yes,Yes,Yes,No,Yes,No,Yes,No,+3,25,More than once a week,Female
No,Yes,No,No,No,Yes,No,No,No,No,No,+3,55,Once a month,Male
No,Yes,No,Yes,Yes,Yes,No,Yes,Yes,No,Yes,-2,25,Once a month,Male
No,Yes,No,No,No,Yes,Yes,No,No,Yes,Yes,-3,35,Once a year,Female
No,No,Yes,Yes,Yes,Yes,Yes,No,No,No,Yes,-4,58,Never,Female
No,Yes,No,Yes,Yes,Yes,Yes,No,No,No,Yes,I hate it!-5,32,Never,Male
Yes,Yes,No,Yes,Yes,Yes,Yes,Yes,Yes,No,Yes,I hate it!-5,45,Never,Female
No,Yes,No,Yes,No,Yes,No,No,Yes,No,No,-3,60,Once a year,Female
No,Yes,No,Yes,No,Yes,Yes,Yes,No,No,No,+3,59,Once a year,Male
No,Yes,No,Yes,No,Yes,Yes,No,No,No,No,0,36,Once a month,Female
No,Yes,No,Yes,Yes,Yes,Yes,No,No,No,Yes,0,55,Once a year,Male
Yes,Yes,No,Yes,No,Yes,Yes,No,No,No,No,+1,55,Every three months,Female
Yes,Yes,No,Yes,No,Yes,No,Yes,Yes,No,No,+3,22,Once a month,Female
Yes,Yes,No,Yes,Yes,Yes,Yes,Yes,No,No,No,+3,21,Once a week,Female
Yes,Yes,No,Yes,Yes,Yes,Yes,Yes,No,No,No,+1,62,Once a week,Male
Yes,Yes,No,Yes,Yes,Yes,Yes,Yes,No,No,No,+3,29,Once a month,Male
Yes,Yes,No,Yes,Yes,Yes,Yes,Yes,No,Yes,No,+1,36,Once a month,Female
No,Yes,No,Yes,Yes,Yes,No,No,No,No,No,0,44,Once a year,Male
No,Yes,No,Yes,Yes,Yes,Yes,No,No,No,No,+2,47,Once a year,Female
No,No,No,Yes,Yes,No,No,No,Yes,No,Yes,I hate it!-5,57,Once a year,Female
No,Yes,No,Yes,No,Yes,Yes,Yes,No,No,No,+1,23,Once a year,Female
Yes,Yes,No,Yes,Yes,Yes,Yes,Yes,No,No,No,I love it!+5,31,Once a week,Female
Yes,Yes,No,No,No,Yes,Yes,Yes,No,Yes,No,+4,70,More than once a week,Female
Yes,Yes,Yes,Yes,No,Yes,Yes,Yes,No,Yes,No,I love it!+5,24,Once a week,Male
No,Yes,No,Yes,Yes,Yes,No,Yes,Yes,No,No,+3,27,Every three months,Male
No,Yes,No,Yes,Yes,Yes,Yes,No,No,No,Yes,I hate it!-5,58,Never,Female
No,Yes,Yes,Yes,No,Yes,Yes,No,No,No,No,+2,51,Once a week,Male
No,No,No,Yes,Yes,No,No,No,Yes,No,Yes,-2,36,Every three months,Male
No,Yes,No,Yes,No,Yes,Yes,Yes,No,No,No,0,36,Once a month,Female
No,No,Yes,Yes,Yes,Yes,No,No,Yes,No,Yes,0,43,Every three months,Male
No,Yes,Yes,Yes,Yes,No,No,No,Yes,No,Yes,-3,64,Never,Male
No,Yes,No,Yes,No,Yes,No,No,Yes,No,Yes,-3,52,Once a month,Male
No,Yes,No,Yes,No,Yes,Yes,Yes,No,No,No,+1,53,Never,Male
No,Yes,No,Yes,Yes,Yes,No,No,Yes,No,Yes,I hate it!-5,52,Never,Female
Yes,Yes,Yes,Yes,Yes,Yes,Yes,Yes,No,No,No,+3,33,Once a week,Female
Yes,Yes,No,Yes,Yes,Yes,Yes,Yes,No,No,No,I love it!+5,24,Once a week,Male
Yes,Yes,No,No,No,Yes,No,Yes,No,No,No,+4,64,Once a month,Female
Yes,Yes,Yes,Yes,Yes,Yes,No,Yes,Yes,Yes,Yes,+3,41,Once a month,Male
No,No,No,Yes,Yes,No,Yes,No,No,No,Yes,I hate it!-5,56,Once a year,Female
Yes,Yes,No,Yes,No,Yes,Yes,Yes,No,Yes,No,+4,49,Once a month,Female
Yes,No,No,Yes,Yes,Yes,No,Yes,Yes,No,No,-1,24,Once a year,Female
No,Yes,No,Yes,No,Yes,Yes,No,No,No,No,+2,62,Every three months,Female
No,Yes,No,No,No,Yes,Yes,Yes,No,No,No,0,56,Every three months,Male
Yes,Yes,No,Yes,Yes,No,No,Yes,No,No,No,+3,67,Every three months,Male
Yes,Yes,No,Yes,No,Yes,Yes,Yes,No,No,No,+3,27,Once a month,Male
No,Yes,No,Yes,No,Yes,No,No,Yes,No,Yes,-4,53,Once a year,Male
Yes,Yes,Yes,Yes,No,Yes,Yes,Yes,No,Yes,Yes,-4,60,Once a year,Female
No,Yes,No,Yes,Yes,Yes,Yes,Yes,No,No,No,0,51,Once a year,Female
No,Yes,Yes,Yes,Yes,Yes,No,Yes,Yes,No,No,I hate it!-5,67,Once a year,Female
Yes,Yes,No,Yes,No,Yes,Yes,Yes,No,No,No,+3,27,Once a month,Female
No,Yes,No,Yes,Yes,Yes,No,No,Yes,No,No,0,56,Every three months,Male
Yes,Yes,No,Yes,Yes,Yes,Yes,Yes,No,No,No,+4,39,Once a month,Male
Yes,Yes,No,Yes,No,Yes,Yes,Yes,No,No,No,+4,35,Once a week,Female
Yes,Yes,No,Yes,Yes,Yes,Yes,Yes,No,No,No,+2,68,Once a month,Female
Yes,Yes,No,No,Yes,Yes,Yes,Yes,No,Yes,No,I love it!+5,57,Once a week,Female
No,Yes,No,Yes,Yes,Yes,Yes,No,No,No,Yes,I hate it!-5,50,Never,Female
Yes,Yes,No,No,No,Yes,Yes,Yes,No,Yes,No,+3,64,Once a month,Female
No,Yes,No,Yes,No,Yes,Yes,No,No,No,No,-3,66,Once a week,Female
Yes,Yes,Yes,No,No,Yes,Yes,Yes,No,Yes,No,I love it!+5,27,More than once a week,Male
No,No,No,Yes,No,Yes,No,No,Yes,No,Yes,I hate it!-5,70,Never,Male
No,Yes,No,Yes,Yes,No,Yes,Yes,Yes,No,No,-1,51,Once a month,Male
Yes,Yes,No,Yes,No,Yes,Yes,Yes,No,No,No,0,60,Once a year,Female
No,No,No,Yes,No,Yes,No,No,Yes,No,Yes,-4,49,Once a year,Female
No,Yes,No,Yes,Yes,Yes,Yes,No,No,No,Yes,I hate it!-5,54,Never,Female
No,No,No,Yes,Yes,Yes,No,No,Yes,No,Yes,I hate it!-5,58,Never,Female
No,No,No,No,No,Yes,Yes,No,No,No,No,-3,70,Once a month,Female
Yes,Yes,No,No,No,Yes,No,Yes,Yes,No,No,+3,59,More than once a week,Male
No,Yes,No,Yes,No,Yes,Yes,No,No,Yes,No,+1,54,Once a year,Female
No,Yes,Yes,No,Yes,Yes,No,No,Yes,No,No,-3,52,Every three months,Female
Yes,Yes,No,Yes,Yes,Yes,Yes,Yes,No,Yes,No,+4,22,Once a week,Female
Yes,Yes,No,Yes,Yes,Yes,No,Yes,Yes,No,No,+3,53,Every three months,Female
Yes,Yes,No,No,No,Yes,Yes,Yes,No,Yes,No,I love it!+5,69,More than once a week,Female
No,Yes,Yes,Yes,Yes,Yes,No,No,Yes,No,Yes,+1,20,Every three months,Male
Yes,Yes,Yes,Yes,No,Yes,Yes,No,No,No,No,+3,66,Once a month,Female
Yes,Yes,No,Yes,No,Yes,Yes,Yes,No,No,No,I love it!+5,25,More than once a week,Female
Yes,Yes,No,Yes,Yes,Yes,No,Yes,Yes,No,No,I love it!+5,31,Once a week,Female
Yes,Yes,No,Yes,No,Yes,Yes,Yes,No,Yes,No,+1,67,Once a month,Female
Yes,Yes,Yes,Yes,No,Yes,Yes,Yes,No,No,No,+3,56,Once a month,Female
No,Yes,No,Yes,Yes,Yes,Yes,Yes,No,No,No,+1,48,Once a year,Female
No,Yes,No,Yes,No,Yes,Yes,No,No,No,No,-1,54,Every three months,Female
Yes,Yes,No,No,No,Yes,Yes,Yes,No,Yes,No,I love it!+5,58,Once a month,Male
Yes,Yes,No,Yes,No,Yes,Yes,Yes,No,No,No,+3,42,Once a week,Female
Yes,Yes,No,Yes,No,Yes,No,Yes,No,No,No,+4,38,Once a week,Female
No,Yes,No,Yes,Yes,Yes,Yes,Yes,No,Yes,No,+2,28,Every three months,Male
Yes,Yes,No,Yes,No,Yes,No,Yes,Yes,No,No,+3,47,Once a week,Female
No,No,No,Yes,Yes,Yes,Yes,No,No,No,No,0,49,Once a year,Male
No,Yes,No,Yes,Yes,Yes,Yes,Yes,No,No,Yes,0,40,Every three months,Female
No,No,No,Yes,Yes,Yes,No,Yes,Yes,Yes,Yes,0,31,Once a week,Male
No,Yes,Yes,Yes,Yes,Yes,Yes,No,No,No,No,I hate it!-5,50,Never,Male
Yes,No,Yes,Yes,No,Yes,Yes,Yes,No,No,No,-1,69,Once a year,Female
Yes,Yes,No,Yes,No,Yes,Yes,Yes,No,Yes,No,+4,40,Once a month,Female
Yes,Yes,No,Yes,Yes,Yes,Yes,Yes,No,No,Yes,I love it!+5,30,Once a month,Male
No,Yes,No,Yes,Yes,Yes,Yes,Yes,No,No,Yes,-3,44,Once a year,Male
Yes,Yes,No,Yes,Yes,Yes,No,Yes,Yes,No,No,+3,32,Once a month,Male
Yes,Yes,No,Yes,No,Yes,Yes,Yes,No,No,No,+3,67,Once a week,Male
Yes,Yes,No,Yes,Yes,Yes,Yes,Yes,No,No,No,I love it!+5,18,Once a week,Female
No,Yes,No,Yes,Yes,Yes,Yes,No,No,No,No,-3,27,Once a year,Female
No,Yes,No,Yes,Yes,Yes,No,No,Yes,No,No,-1,61,Once a year,Female
No,Yes,No,Yes,No,Yes,Yes,No,No,No,No,-4,47,Once a year,Male
Yes,Yes,No,Yes,Yes,Yes,Yes,Yes,No,No,No,-4,20,Every three months,Male
Yes,Yes,No,Yes,Yes,Yes,Yes,Yes,No,No,No,+4,26,Once a week,Male
No,Yes,No,Yes,No,Yes,Yes,No,No,No,No,-4,65,Once a year,Female
No,No,Yes,Yes,Yes,No,No,No,Yes,No,Yes,I hate it!-5,64,Never,Male
Yes,Yes,No,Yes,Yes,Yes,Yes,Yes,No,Yes,No,I love it!+5,20,Once a week,Male
Yes,Yes,No,Yes,Yes,No,No,Yes,Yes,No,No,+2,29,Once a month,Female
Yes,Yes,Yes,Yes,Yes,Yes,No,Yes,Yes,No,No,+2,45,Once a month,Female
Yes,No,No,Yes,No,Yes,Yes,Yes,No,No,No,0,31,Once a year,Female
Yes,Yes,No,Yes,Yes,Yes,Yes,Yes,No,No,No,I love it!+5,41,Once a week,Female
No,No,No,Yes,No,Yes,No,No,Yes,No,No,I hate it!-5,61,Never,Female
No,No,No,Yes,Yes,Yes,No,No,Yes,No,Yes,I hate it!-5,69,Never,Female
No,Yes,No,Yes,Yes,Yes,Yes,No,No,No,Yes,+1,28,Once a month,Male
No,Yes,No,No,No,Yes,No,No,No,No,No,+3,68,Once a month,Male
No,No,No,Yes,No,Yes,Yes,No,No,No,No,-4,60,Never,Male
Yes,Yes,No,Yes,Yes,Yes,No,Yes,No,No,No,0,56,Once a year,Female
No,Yes,No,Yes,No,Yes,No,No,Yes,No,No,0,61,Once a year,Female
No,Yes,Yes,Yes,Yes,Yes,No,Yes,Yes,No,No,0,61,Once a week,Male
No,Yes,No,Yes,No,Yes,Yes,No,No,No,No,-4,63,Once a year,Male
No,Yes,No,Yes,No,Yes,Yes,Yes,No,No,No,+3,40,Once a month,Female
No,Yes,No,Yes,Yes,Yes,Yes,Yes,No,Yes,No,-1,36,Every three months,Male
Yes,Yes,No,Yes,Yes,Yes,Yes,No,No,No,No,+1,30,Once a month,Female
Yes,Yes,No,Yes,No,Yes,No,Yes,Yes,No,No,+4,32,Once a month,Female
Yes,Yes,No,No,No,Yes,No,Yes,Yes,Yes,No,I love it!+5,37,More than once a week,Male
Yes,Yes,No,Yes,No,No,Yes,Yes,No,Yes,No,+3,61,Once a week,Male
Yes,Yes,No,Yes,Yes,Yes,No,Yes,Yes,No,No,+3,34,Once a month,Female
Yes,Yes,No,Yes,Yes,Yes,No,Yes,Yes,No,No,+1,24,Once a month,Male
Yes,Yes,No,Yes,Yes,No,No,Yes,Yes,No,No,+1,39,Once a month,Male
No,Yes,No,Yes,No,Yes,No,Yes,Yes,No,No,0,50,Every three months,Male
Yes,Yes,No,Yes,No,Yes,No,Yes,Yes,Yes,No,+1,46,Once a month,Male
Yes,Yes,No,Yes,No,Yes,No,No,Yes,No,No,+2,43,Once a month,Female
Yes,Yes,No,Yes,No,Yes,Yes,Yes,No,No,No,+4,36,Once a month,Male
Yes,No,No,No,Yes,No,No,Yes,Yes,No,Yes,I hate it!-5,26,Once a week,Male
Yes,Yes,No,Yes,No,Yes,Yes,Yes,No,Yes,No,+2,32,Once a month,Female
No,No,No,Yes,Yes,No,No,No,Yes,No,Yes,I hate it!-5,50,Never,Female
No,Yes,No,Yes,Yes,Yes,Yes,No,No,No,No,-2,56,Once a year,Female
Yes,Yes,No,Yes,No,Yes,Yes,Yes,No,No,No,+3,57,Every three months,Female
Yes,Yes,No,Yes,Yes,Yes,Yes,Yes,No,No,No,-1,25,Once a year,Male
No,Yes,No,Yes,Yes,Yes,Yes,Yes,No,No,No,-1,47,Once a month,Female
Yes,Yes,No,Yes,No,Yes,No,Yes,Yes,No,No,0,32,Once a year,Male
Yes,Yes,No,Yes,No,Yes,Yes,Yes,No,Yes,No,+3,32,Once a week,Female
No,Yes,No,Yes,Yes,Yes,Yes,Yes,No,Yes,No,0,57,Every three months,Female
Yes,Yes,No,Yes,Yes,Yes,Yes,Yes,No,No,No,I love it!+5,42,Once a week,Male
No,Yes,No,Yes,No,Yes,Yes,No,No,No,No,+2,31,Once a week,Male
No,No,No,Yes,Yes,Yes,No,No,Yes,No,Yes,-3,37,Once a year,Female
Yes,Yes,No,No,No,Yes,Yes,Yes,Yes,Yes,No,+3,33,Every three months,Female
Yes,Yes,No,Yes,No,Yes,No,Yes,No,No,No,-1,46,Every three months,Female
Yes,Yes,No,Yes,No,Yes,No,Yes,Yes,No,No,+2,41,Every three months,Female
No,Yes,No,No,No,Yes,Yes,No,No,Yes,No,-1,60,Every three months,Male
Yes,Yes,No,Yes,No,Yes,Yes,Yes,No,Yes,No,+2,42,Once a month,Male
No,Yes,No,Yes,No,Yes,Yes,Yes,No,No,No,+1,45,Once a month,Female
Yes,Yes,No,Yes,Yes,Yes,No,No,No,No,No,0,36,Every three months,Male
Yes,Yes,No,Yes,No,No,No,Yes,Yes,Yes,No,+2,44,Once a month,Male
Yes,Yes,Yes,No,Yes,No,No,Yes,Yes,No,No,+1,34,Once a month,Male
Yes,No,No,Yes,Yes,Yes,Yes,Yes,No,No,No,+2,22,Every three months,Male
No,Yes,No,Yes,Yes,Yes,Yes,No,No,No,Yes,-4,64,Every three months,Male
Yes,Yes,No,No,No,Yes,Yes,Yes,No,Yes,No,I love it!+5,36,Once a month,Male
Yes,Yes,No,Yes,Yes,Yes,Yes,Yes,No,No,No,I love it!+5,23,Once a month,Male
No,Yes,No,Yes,No,Yes,Yes,Yes,No,No,No,-4,69,Every three months,Female
No,Yes,No,Yes,Yes,Yes,Yes,No,No,No,No,I hate it!-5,64,Never,Female
Yes,Yes,No,Yes,No,Yes,Yes,Yes,No,No,No,+4,53,Every three months,Male
No,Yes,No,Yes,Yes,No,No,No,No,No,Yes,-4,40,Never,Female
No,Yes,No,Yes,No,Yes,Yes,No,No,No,Yes,-4,56,Every three months,Female
No,Yes,No,Yes,Yes,No,No,Yes,No,No,No,+2,48,Once a week,Female
Yes,No,No,Yes,No,Yes,Yes,Yes,No,Yes,No,I love it!+5,62,Once a month,Female
Yes,Yes,No,No,No,Yes,Yes,Yes,No,Yes,No,+2,65,Every three months,Female
Yes,Yes,No,No,No,Yes,No,Yes,Yes,No,No,+4,34,Once a month,Male
No,Yes,No,Yes,Yes,Yes,No,No,No,No,Yes,I hate it!-5,27,Never,Female
Yes,Yes,No,Yes,No,Yes,Yes,Yes,No,No,No,+2,25,Every three months,Male
Yes,Yes,No,Yes,Yes,Yes,Yes,Yes,No,No,Yes,-1,55,Once a year,Female
Yes,Yes,No,Yes,No,Yes,Yes,Yes,No,No,No,I love it!+5,38,Once a week,Female
Yes,Yes,No,Yes,No,Yes,No,Yes,Yes,Yes,No,+1,52,Once a month,Female
Yes,Yes,No,Yes,No,No,No,Yes,Yes,No,No,+3,36,Once a month,Male
Yes,Yes,No,Yes,Yes,Yes,Yes,Yes,No,No,No,-1,36,Once a month,Male
Yes,Yes,No,Yes,No,Yes,No,Yes,Yes,No,No,0,52,Once a month,Female
Yes,Yes,No,Yes,Yes,Yes,Yes,Yes,Yes,No,No,I love it!+5,49,Once a week,Female
No,Yes,No,Yes,No,Yes,No,Yes,No,No,No,+2,58,Once a month,Female
Yes,Yes,Yes,No,No,Yes,Yes,Yes,No,Yes,No,+3,67,Once a month,Female
No,Yes,No,Yes,Yes,Yes,Yes,Yes,No,No,Yes,+1,56,Every three months,Female
Yes,Yes,No,Yes,Yes,No,No,Yes,Yes,No,No,+2,43,Once a week,Female
Yes,Yes,No,Yes,No,Yes,Yes,Yes,No,No,No,+1,43,Once a week,Female
Yes,Yes,No,Yes,Yes,Yes,No,Yes,Yes,No,Yes,+1,23,Every three months,Female
Yes,Yes,No,Yes,Yes,Yes,Yes,Yes,Yes,No,No,+1,29,Once a week,Male
No,Yes,No,Yes,Yes,No,No,No,Yes,No,Yes,-4,32,Once a year,Male
No,Yes,No,Yes,Yes,Yes,Yes,No,No,No,No,+1,35,Once a week,Female
Yes,Yes,No,No,Yes,Yes,No,Yes,Yes,No,Yes,+2,46,Once a week,Male
No,Yes,No,No,No,Yes,Yes,Yes,No,Yes,No,+3,55,Once a month,Female
Yes,Yes,No,Yes,No,Yes,Yes,Yes,No,No,No,+4,45,Once a week,Female
Yes,Yes,No,Yes,No,No,No,Yes,Yes,No,No,+2,39,Every three months,Male
No,Yes,No,No,No,Yes,No,Yes,Yes,Yes,Yes,-3,52,Once a year,Male
Yes,Yes,No,Yes,No,Yes,No,Yes,Yes,No,No,+3,53,Once a month,Female
Yes,Yes,Yes,Yes,Yes,Yes,No,Yes,No,No,No,+3,44,Once a month,Male
No,Yes,No,Yes,Yes,Yes,Yes,Yes,No,No,No,+1,55,Once a year,Female
Yes,Yes,No,Yes,No,Yes,Yes,Yes,No,Yes,No,I love it!+5,21,More than once a week,Female
No,Yes,No,No,No,Yes,Yes,Yes,No,No,No,+1,48,Once a month,Male
Yes,Yes,Yes,Yes,Yes,No,No,Yes,Yes,No,No,+3,57,Once a month,Female
Yes,Yes,No,Yes,Yes,Yes,No,Yes,Yes,No,No,+3,26,Once a week,Male
Yes,Yes,No,No,No,Yes,Yes,Yes,No,No,No,+2,52,Once a month,Female
Yes,Yes,No,Yes,Yes,Yes,No,Yes,Yes,No,No,+4,28,Once a week,Male
No,Yes,No,No,No,Yes,No,Yes,No,No,No,+2,58,Once a month,Male
Yes,Yes,No,No,No,No,Yes,Yes,No,Yes,No,I love it!+5,34,Once a month,Male
Yes,Yes,No,Yes,No,Yes,Yes,No,No,No,No,-4,39,Every three months,Male
Yes,Yes,Yes,Yes,Yes,Yes,No,Yes,Yes,No,No,+3,20,Once a month,Male
No,Yes,No,Yes,No,Yes,No,No,No,No,Yes,0,61,Once a year,Female
Yes,Yes,No,Yes,No,No,No,No,Yes,No,No,+4,35,Once a week,Male
No,Yes,No,Yes,Yes,Yes,No,No,Yes,No,Yes,I hate it!-5,27,Never,Male
Yes,Yes,No,Yes,Yes,Yes,Yes,Yes,No,No,No,+3,50,Once a month,Female
Yes,Yes,No,Yes,Yes,Yes,Yes,Yes,No,No,No,+3,58,Once a month,Female
No,Yes,No,Yes,Yes,Yes,Yes,No,No,No,Yes,-1,29,Once a month,Female
Yes,Yes,No,Yes,Yes,Yes,No,Yes,Yes,No,No,+3,23,Once a week,Male
Yes,Yes,No,No,No,Yes,No,Yes,No,No,No,+2,47,Every three months,Male
Yes,Yes,No,Yes,Yes,Yes,Yes,Yes,No,No,No,+2,58,Every three months,Female
No,Yes,No,Yes,No,Yes,No,No,Yes,No,No,0,49,Once a month,Female
Yes,Yes,No,Yes,No,Yes,No,No,No,No,No,+1,27,Once a month,Female
Yes,Yes,No,Yes,Yes,Yes,Yes,Yes,No,No,No,I love it!+5,20,More than once a week,Female
Yes,Yes,No,Yes,Yes,No,No,Yes,Yes,No,Yes,0,43,Every three months,Male
No,Yes,No,Yes,No,Yes,No,No,Yes,No,Yes,0,62,Every three months,Female
No,No,No,Yes,No,Yes,Yes,No,No,No,Yes,I hate it!-5,55,Once a year,Female
No,No,No,Yes,Yes,Yes,Yes,Yes,No,No,No,-3,62,Once a year,Female
No,Yes,No,Yes,Yes,Yes,Yes,No,No,No,Yes,-3,56,Once a year,Female
No,Yes,No,Yes,No,Yes,Yes,No,No,No,No,-4,60,Never,Male
Yes,Yes,No,Yes,No,Yes,Yes,Yes,No,No,No,+1,42,Once a month,Female
Yes,Yes,No,Yes,Yes,Yes,Yes,Yes,No,No,No,+4,26,Once a week,Female
No,Yes,No,Yes,No,Yes,Yes,No,No,No,No,-1,55,Once a year,Female
Yes,Yes,No,Yes,No,Yes,No,Yes,No,No,No,+4,42,Once a week,Male
No,Yes,No,No,No,Yes,Yes,Yes,No,Yes,No,+3,67,Once a year,Female
Yes,Yes,No,Yes,No,Yes,No,Yes,Yes,No,No,+3,43,Once a week,Male
No,Yes,No,Yes,Yes,Yes,Yes,No,No,No,No,0,42,Once a month,Female
Yes,Yes,No,No,No,Yes,Yes,Yes,No,Yes,No,I love it!+5,50,Once a week,Female
No,Yes,No,Yes,Yes,Yes,Yes,No,No,No,Yes,-4,20,Once a year,Female
No,No,No,Yes,No,Yes,No,No,Yes,No,Yes,I hate it!-5,50,Never,Male
Yes,Yes,Yes,Yes,Yes,Yes,No,Yes,Yes,No,No,+1,60,Once a year,Male
Yes,Yes,No,Yes,Yes,Yes,Yes,Yes,No,No,No,-1,21,Never,Male
Yes,Yes,No,Yes,No,Yes,No,Yes,Yes,No,No,+4,33,Once a month,Male
Yes,Yes,No,Yes,No,Yes,Yes,No,No,No,No,0,68,Every three months,Female
Yes,Yes,No,Yes,Yes,Yes,Yes,Yes,No,No,No,+3,26,Once a month,Male
Yes,Yes,No,Yes,No,Yes,Yes,Yes,No,No,No,+1,60,Once a month,Female
Yes,Yes,No,Yes,Yes,Yes,No,Yes,Yes,No,No,+3,52,Every three months,Female
Yes,Yes,Yes,No,No,Yes,Yes,Yes,No,Yes,No,+4,70,Every three months,Female
No,No,No,Yes,Yes,Yes,Yes,No,Yes,No,Yes,I hate it!-5,44,Once a year,Female
Yes,Yes,No,Yes,Yes,Yes,No,Yes,Yes,No,No,+2,23,Every three months,Female
No,Yes,Yes,Yes,No,Yes,No,No,No,No,No,-1,62,Every three months,Female
No,Yes,Yes,Yes,No,Yes,Yes,Yes,No,No,No,+2,59,Once a week,Female
Yes,Yes,No,No,No,Yes,Yes,Yes,No,Yes,No,I love it!+5,66,Once a week,Female
No,Yes,No,Yes,No,Yes,No,No,Yes,Yes,No,+1,44,Once a month,Male
Yes,Yes,No,Yes,Yes,Yes,No,Yes,Yes,No,No,+3,25,Once a month,Male
Yes,Yes,No,Yes,No,No,No,Yes,Yes,Yes,No,+3,41,Once a month,Male
Yes,Yes,No,No,No,Yes,Yes,Yes,No,No,No,+4,41,More than once a week,Male
Yes,Yes,No,No,No,Yes,Yes,Yes,No,Yes,No,+3,33,Once a week,Male
No,Yes,No,Yes,Yes,Yes,No,No,Yes,No,Yes,+1,45,Once a month,Female
Yes,Yes,No,Yes,No,Yes,Yes,Yes,No,Yes,No,I love it!+5,23,More than once a week,Female
No,No,No,Yes,Yes,Yes,No,No,Yes,No,Yes,-4,52,Once a year,Female
No,Yes,No,Yes,No,Yes,Yes,No,No,No,No,+2,63,Once a month,Female
Yes,Yes,Yes,Yes,Yes,Yes,Yes,Yes,Yes,Yes,Yes,+4,48,Once a month,Female
No,Yes,No,Yes,Yes,Yes,No,Yes,Yes,No,Yes,I hate it!-5,52,Never,Male
No,No,No,Yes,Yes,Yes,Yes,No,Yes,No,Yes,I hate it!-5,50,Never,Male
Yes,Yes,No,Yes,Yes,Yes,Yes,Yes,No,Yes,Yes,+2,28,Once a month,Male
Yes,Yes,No,Yes,Yes,Yes,No,Yes,Yes,No,Yes,+1,24,Once a month,Male
No,Yes,No,Yes,No,No,No,No,Yes,No,No,0,45,Once a week,Female
Yes,Yes,No,Yes,Yes,No,No,No,Yes,No,No,+2,26,Every three months,Female
Yes,Yes,No,Yes,Yes,Yes,No,Yes,No,No,Yes,+1,19,Every three months,Male
No,Yes,No,Yes,No,Yes,No,Yes,Yes,No,No,+2,45,Every three months,Male
No,Yes,No,No,No,Yes,No,No,Yes,Yes,No,+1,44,Every three months,Male
Yes,Yes,No,Yes,Yes,Yes,No,Yes,No,No,No,+2,47,Once a month,Male
No,Yes,No,Yes,No,Yes,Yes,Yes,No,No,No,+3,28,Once a month,Male
No,Yes,No,Yes,No,Yes,Yes,No,No,No,No,+2,62,Every three months,Female
Yes,Yes,Yes,No,Yes,Yes,Yes,Yes,No,No,No,-1,33,Once a week,Male
Yes,Yes,No,No,No,No,Yes,Yes,No,Yes,No,+3,67,Every three months,Female
Yes,Yes,No,No,No,Yes,Yes,Yes,No,Yes,No,+1,67,Once a year,Female
Yes,Yes,Yes,Yes,Yes,Yes,Yes,Yes,Yes,No,Yes,+2,49,Once a month,Male
Yes,Yes,No,Yes,Yes,Yes,Yes,Yes,No,No,No,+4,33,Once a week,Female
Yes,Yes,No,No,No,Yes,Yes,Yes,No,Yes,No,I love it!+5,51,More than once a week,Female
Yes,Yes,No,No,No,Yes,Yes,Yes,No,Yes,No,+3,52,Once a week,Female
Yes,Yes,Yes,Yes,Yes,Yes,Yes,Yes,Yes,Yes,No,I love it!+5,30,More than once a week,Male
Yes,Yes,No,Yes,No,Yes,No,Yes,Yes,No,No,+2,60,Once a month,Female
No,Yes,No,Yes,No,Yes,No,No,Yes,No,No,-3,47,Every three months,Female
No,Yes,No,No,No,Yes,No,Yes,Yes,No,No,+2,44,Once a month,Male
Yes,Yes,No,Yes,No,Yes,No,Yes,Yes,No,No,+2,43,Every three months,Female
No,Yes,No,Yes,Yes,Yes,Yes,No,No,No,No,-2,46,Once a month,Male
No,Yes,No,Yes,No,Yes,No,Yes,No,No,No,+1,40,Once a month,Female
No,Yes,No,Yes,Yes,Yes,No,No,No,No,No,0,48,Once a year,Female
No,Yes,No,Yes,Yes,Yes,No,No,Yes,No,Yes,0,53,Once a month,Female
Yes,Yes,No,Yes,No,Yes,No,Yes,Yes,No,No,+4,35,Every three months,Male
No,Yes,No,Yes,No,Yes,Yes,No,No,Yes,No,-4,51,Every three months,Male
Yes,Yes,No,Yes,Yes,Yes,Yes,No,Yes,No,No,+2,26,Once a month,Male
No,Yes,No,Yes,Yes,Yes,No,No,Yes,No,No,-2,46,Every three months,Female
Yes,Yes,No,Yes,Yes,Yes,Yes,Yes,No,No,No,+2,39,Once a month,Female
Yes,Yes,No,Yes,No,Yes,Yes,Yes,No,No,No,0,38,Once a year,Male
Yes,Yes,No,Yes,No,Yes,Yes,Yes,No,No,No,+4,40,Once a month,Female
Yes,Yes,No,Yes,No,Yes,Yes,Yes,No,No,No,I love it!+5,36,Once a month,Female
No,Yes,No,Yes,No,Yes,Yes,No,No,No,No,0,56,Never,Female
Yes,Yes,No,Yes,Yes,Yes,Yes,Yes,No,No,No,I love it!+5,23,Once a month,Female
Yes,Yes,No,Yes,No,Yes,Yes,Yes,No,No,No,I love it!+5,39,Once a month,Female
No,Yes,No,Yes,Yes,Yes,Yes,No,No,No,Yes,-2,22,Every three months,Female
Yes,Yes,No,No,No,Yes,Yes,Yes,No,No,No,+3,27,Once a month,Male
Yes,Yes,No,Yes,Yes,Yes,Yes,Yes,No,No,No,0,23,Every three months,Female
Yes,Yes,No,Yes,Yes,Yes,Yes,Yes,No,No,No,+2,21,Every three months,Female
Yes,Yes,Yes,Yes,Yes,Yes,Yes,Yes,Yes,Yes,Yes,+3,33,Every three months,Male
No,No,No,Yes,Yes,Yes,Yes,No,No,No,Yes,I hate it!-5,24,Never,Female
Yes,Yes,No,Yes,Yes,Yes,Yes,Yes,No,Yes,No,I love it!+5,22,More than once a week,Female
No,No,No,Yes,Yes,Yes,Yes,No,No,No,Yes,I hate it!-5,54,Every three months,Female
No,Yes,Yes,Yes,Yes,No,No,No,Yes,No,Yes,-3,56,Every three months,Female
Yes,Yes,No,Yes,Yes,Yes,Yes,Yes,No,No,No,+4,20,Once a month,Male
Yes,Yes,Yes,No,No,No,No,Yes,Yes,Yes,No,+4,41,Once a month,Female
No,Yes,Yes,No,No,Yes,No,Yes,Yes,No,No,+4,70,Once a month,Male
Yes,Yes,No,Yes,Yes,Yes,Yes,Yes,No,Yes,No,+4,54,Once a month,Female
Yes,Yes,No,Yes,Yes,Yes,No,Yes,Yes,Yes,No,+3,23,Once a month,Male
Yes,Yes,No,No,No,Yes,Yes,Yes,No,Yes,No,+2,61,Once a month,Female
No,Yes,No,Yes,No,Yes,No,Yes,Yes,No,No,+1,52,Once a week,Female
Yes,Yes,No,Yes,No,Yes,Yes,Yes,No,Yes,No,+3,61,Once a week,Female
No,Yes,Yes,Yes,No,Yes,Yes,No,No,No,Yes,-2,66,Every three months,Female
Yes,Yes,No,Yes,Yes,Yes,No,Yes,Yes,No,No,+1,40,Once a month,Female
Yes,Yes,Yes,Yes,Yes,Yes,Yes,Yes,Yes,Yes,Yes,I love it!+5,26,Never,Male
No,Yes,No,No,Yes,Yes,No,No,Yes,Yes,No,+2,32,Once a month,Male
Yes,Yes,No,Yes,Yes,Yes,Yes,Yes,No,No,No,-2,60,Every three months,Male
Yes,Yes,No,Yes,No,Yes,Yes,Yes,No,No,No,+3,38,Once a month,Male
Yes,Yes,No,Yes,Yes,Yes,No,Yes,Yes,No,No,+3,29,Every three months,Male
No,No,No,Yes,Yes,Yes,No,No,Yes,No,No,I hate it!-5,69,Never,Male
No,Yes,No,Yes,Yes,Yes,Yes,No,No,No,No,+2,64,Once a year,Male
No,Yes,No,Yes,Yes,Yes,No,No,No,No,Yes,I hate it!-5,40,Never,Male
Yes,Yes,No,Yes,Yes,Yes,No,Yes,Yes,No,No,+1,42,Once a month,Male
Yes,Yes,No,Yes,No,Yes,Yes,Yes,No,No,No,I hate it!-5,64,Once a month,Female
Yes,Yes,No,Yes,Yes,Yes,No,Yes,Yes,Yes,No,I love it!+5,22,Once a week,Male
Yes,Yes,No,Yes,Yes,Yes,Yes,Yes,No,No,No,+2,57,Every three months,Female
Yes,Yes,No,Yes,Yes,Yes,No,Yes,Yes,No,No,+2,28,Every three months,Female
Yes,Yes,No,Yes,No,Yes,Yes,Yes,No,Yes,No,I love it!+5,41,Once a month,Female
Yes,Yes,Yes,Yes,Yes,Yes,No,Yes,Yes,No,No,0,56,More than once a week,Male
Yes,Yes,No,No,No,Yes,Yes,Yes,No,Yes,No,+3,50,Once a month,Female
No,Yes,No,Yes,Yes,Yes,Yes,No,Yes,No,Yes,I hate it!-5,68,Never,Male
No,Yes,No,Yes,No,Yes,No,Yes,Yes,No,Yes,I hate it!-5,62,Once a year,Male
Yes,Yes,No,Yes,Yes,Yes,Yes,Yes,No,No,No,+4,58,Every three months,Female
Yes,Yes,No,No,No,Yes,Yes,Yes,No,Yes,No,I love it!+5,47,More than once a week,Male
Yes,Yes,No,Yes,No,Yes,No,Yes,Yes,Yes,No,+3,35,Once a month,Female
Yes,Yes,Yes,Yes,No,Yes,Yes,Yes,No,No,No,+4,58,Once a month,Male
Yes,Yes,No,Yes,Yes,Yes,Yes,Yes,No,No,No,I love it!+5,21,Once a week,Female
Yes,Yes,No,Yes,No,Yes,Yes,Yes,No,Yes,No,+3,53,Every three months,Female
Yes,Yes,No,Yes,No,Yes,Yes,Yes,No,Yes,No,I love it!+5,38,Once a month,Female
Yes,Yes,No,Yes,No,Yes,No,Yes,Yes,No,No,I love it!+5,59,Once a month,Male
Yes,Yes,No,Yes,Yes,Yes,No,Yes,Yes,No,No,+4,39,Once a week,Female
Yes,Yes,No,Yes,Yes,Yes,No,Yes,No,No,No,+2,36,Every three months,Female
Yes,Yes,No,Yes,Yes,Yes,Yes,Yes,No,No,No,I love it!+5,26,More than once a week,Female
No,Yes,No,Yes,No,Yes,No,Yes,Yes,No,No,-1,53,Once a week,Male
Yes,Yes,No,No,No,Yes,Yes,Yes,No,Yes,No,I love it!+5,64,Once a month,Female
No,Yes,No,Yes,Yes,Yes,No,Yes,Yes,Yes,Yes,-3,56,Every three months,Female
No,Yes,No,Yes,Yes,Yes,No,No,Yes,No,No,I hate it!-5,65,Never,Male
No,No,No,No,Yes,No,No,No,No,No,Yes,I hate it!-5,40,Never,Male
Yes,Yes,No,No,No,Yes,Yes,Yes,No,Yes,No,I love it!+5,68,Once a month,Male
Yes,Yes,No,Yes,No,Yes,Yes,Yes,No,No,No,+4,65,More than once a week,Male
Yes,Yes,No,Yes,Yes,Yes,Yes,Yes,No,No,No,+2,52,Once a month,Female
No,Yes,No,Yes,No,Yes,Yes,No,No,Yes,No,-4,37,Once a year,Female
No,No,No,Yes,Yes,Yes,Yes,No,Yes,No,Yes,I hate it!-5,32,Once a year,Male
Yes,Yes,Yes,Yes,No,Yes,Yes,Yes,No,No,No,I love it!+5,51,Once a week,Female
Yes,Yes,No,Yes,Yes,Yes,Yes,Yes,No,Yes,No,+3,52,Every three months,Female
Yes,Yes,No,No,No,Yes,No,Yes,Yes,Yes,No,+4,57,Every three months,Female
Yes,Yes,No,Yes,No,Yes,Yes,Yes,No,Yes,No,I love it!+5,55,Every three months,Female
No,Yes,No,Yes,No,Yes,No,Yes,Yes,No,No,0,38,Once a month,Female
No,Yes,No,Yes,Yes,Yes,Yes,No,No,No,No,+2,44,Once a week,Female
Yes,Yes,No,Yes,No,Yes,No,Yes,Yes,No,No,+3,56,Once a year,Female
No,Yes,No,Yes,Yes,No,No,No,No,No,No,+1,67,Once a year,Female
Yes,Yes,No,Yes,No,Yes,No,Yes,No,Yes,No,+3,43,Once a month,Female
No,Yes,No,Yes,No,Yes,Yes,Yes,No,No,No,+1,39,Every three months,Male
Yes,Yes,No,Yes,Yes,Yes,Yes,Yes,No,No,No,+2,27,Once a week,Female
Yes,Yes,No,Yes,Yes,Yes,No,Yes,No,No,No,+1,29,Once a year,Female
No,Yes,No,No,Yes,Yes,Yes,No,No,No,No,-1,24,Once a year,Male
No,Yes,No,Yes,Yes,Yes,No,No,Yes,No,Yes,I hate it!-5,37,Every three months,Male
Yes,Yes,No,Yes,Yes,Yes,No,Yes,Yes,No,Yes,+1,22,Once a month,Female
No,Yes,No,Yes,No,Yes,No,Yes,Yes,Yes,Yes,-2,55,Never,Female
No,Yes,No,Yes,Yes,Yes,Yes,No,No,No,No,-2,50,Once a year,Male
Yes,No,No,No,No,Yes,No,Yes,Yes,Yes,No,+1,26,Once a month,Male
No,Yes,No,Yes,No,Yes,Yes,Yes,No,No,No,0,55,Every three months,Female
Yes,Yes,No,Yes,No,Yes,Yes,Yes,No,No,No,+2,48,Once a month,Female
Yes,Yes,No,Yes,No,Yes,No,Yes,Yes,No,No,+4,25,Once a week,Female
Yes,Yes,No,Yes,Yes,Yes,Yes,Yes,Yes,No,No,+4,32,More than once a week,Male
No,Yes,No,Yes,Yes,Yes,No,No,Yes,No,Yes,+1,28,Every three months,Female
No,Yes,No,Yes,No,Yes,Yes,No,No,No,No,-1,52,Once a year,Female
Yes,Yes,No,Yes,No,Yes,Yes,No,No,No,No,+1,30,Once a week,Male
Yes,Yes,No,Yes,No,Yes,Yes,Yes,No,No,No,-2,52,Once a year,Female
Yes,Yes,No,No,No,Yes,Yes,Yes,No,No,No,+4,55,Once a month,Female
No,No,No,Yes,Yes,Yes,No,No,Yes,No,Yes,I hate it!-5,35,Once a year,Female
Yes,Yes,No,Yes,No,Yes,Yes,Yes,No,No,No,+3,29,Once a week,Male
Yes,Yes,No,Yes,Yes,Yes,Yes,Yes,No,No,No,+2,55,Once a year,Male
No,Yes,No,Yes,Yes,Yes,Yes,Yes,No,No,Yes,+1,50,Every three months,Female
No,Yes,No,Yes,Yes,Yes,Yes,No,No,No,Yes,-2,34,Once a week,Male
No,Yes,No,Yes,No,Yes,Yes,Yes,No,No,No,0,59,Never,Female
Yes,Yes,Yes,No,No,Yes,No,Yes,Yes,Yes,No,+4,40,Once a week,Male
Yes,Yes,No,Yes,No,Yes,Yes,Yes,No,No,No,+3,39,Once a month,Female
No,Yes,No,Yes,Yes,No,No,Yes,No,Yes,No,0,46,Every three months,Female
Yes,Yes,No,No,No,No,Yes,Yes,No,No,No,I love it!+5,25,Once a week,Male
No,Yes,No,Yes,Yes,No,No,No,Yes,No,Yes,-3,48,Every three months,Male
Yes,Yes,No,Yes,No,Yes,Yes,Yes,No,No,No,+3,56,Once a week,Female
No,Yes,No,Yes,Yes,Yes,Yes,No,No,No,Yes,-3,46,Once a year,Female
Yes,Yes,Yes,Yes,No,Yes,Yes,Yes,No,Yes,No,I love it!+5,44,Once a week,Male
No,Yes,No,No,No,Yes,Yes,No,No,Yes,Yes,I hate it!-5,55,Once a year,Female
Yes,Yes,No,Yes,Yes,Yes,Yes,Yes,No,No,No,+3,63,More than once a week,Male
No,Yes,No,Yes,Yes,Yes,No,Yes,Yes,No,No,+1,58,Every three months,Male
Yes,Yes,No,Yes,Yes,Yes,Yes,Yes,No,No,No,+4,18,Once a month,Male
No,Yes,No,Yes,No,Yes,No,Yes,Yes,No,No,0,60,Every three months,Male
No,Yes,No,Yes,No,Yes,Yes,No,No,No,No,I hate it!-5,63,Once a year,Female
Yes,Yes,No,Yes,Yes,Yes,Yes,Yes,No,No,No,+3,30,Once a month,Female
No,Yes,No,Yes,Yes,No,No,No,Yes,No,No,I hate it!-5,67,Never,Female
No,No,No,Yes,Yes,Yes,No,No,Yes,No,No,I hate it!-5,65,Never,Female
Yes,Yes,Yes,Yes,Yes,Yes,Yes,Yes,No,Yes,No,+3,61,Once a month,Female
No,Yes,No,Yes,No,Yes,No,Yes,No,No,No,+2,52,Once a week,Male
Yes,Yes,No,Yes,Yes,Yes,No,Yes,Yes,No,No,-3,23,Once a year,Female
No,Yes,No,Yes,Yes,No,No,No,Yes,No,Yes,-4,41,Every three months,Female
Yes,Yes,No,Yes,Yes,Yes,Yes,Yes,No,No,Yes,0,57,Every three months,Male
No,Yes,No,Yes,No,Yes,Yes,No,No,No,No,0,46,Once a year,Female
Yes,Yes,No,Yes,Yes,Yes,No,Yes,Yes,No,No,-2,36,Every three months,Male
No,No,No,Yes,Yes,Yes,Yes,No,Yes,Yes,Yes,I hate it!-5,54,Never,Male
Yes,Yes,No,Yes,Yes,Yes,Yes,Yes,No,No,No,+2,37,Once a month,Male
Yes,Yes,No,Yes,Yes,Yes,Yes,Yes,No,No,No,I love it!+5,33,Once a week,Female
Yes,Yes,No,Yes,Yes,No,Yes,Yes,No,No,No,+3,26,Once a week,Male
Yes,Yes,No,No,No,No,No,Yes,Yes,Yes,No,+4,27,Once a week,Male
No,Yes,No,Yes,No,Yes,Yes,No,No,No,Yes,I hate it!-5,34,Once a year,Male
Yes,Yes,No,Yes,No,No,Yes,Yes,No,No,No,+2,49,Once a month,Male
Yes,Yes,No,Yes,No,Yes,Yes,Yes,No,Yes,No,+3,34,Once a week,Female
No,Yes,No,Yes,Yes,Yes,Yes,No,No,No,Yes,+3,37,Once a month,Female
No,Yes,No,Yes,Yes,Yes,No,No,No,Yes,No,-4,62,Once a year,Male
No,Yes,No,Yes,No,Yes,Yes,No,No,No,No,+2,54,Once a month,Male
No,Yes,Yes,Yes,Yes,Yes,Yes,Yes,Yes,Yes,No,-3,37,Once a year,Female
Yes,Yes,Yes,Yes,Yes,Yes,Yes,Yes,No,No,No,+1,57,Every three months,Male
No,No,No,Yes,Yes,No,No,No,Yes,No,Yes,-1,48,Every three months,Male
No,Yes,No,Yes,Yes,Yes,Yes,No,No,No,Yes,I hate it!-5,59,Never,Female
Yes,Yes,No,Yes,No,Yes,Yes,Yes,No,Yes,No,+4,52,Once a month,Female
No,Yes,No,Yes,Yes,Yes,Yes,Yes,No,No,No,+1,36,Every three months,Female
No,Yes,No,Yes,Yes,Yes,Yes,No,No,No,No,-3,35,Every three months,Male
No,Yes,No,Yes,Yes,Yes,No,No,Yes,No,Yes,-4,43,Once a year,Male
No,Yes,No,Yes,No,Yes,Yes,No,No,No,Yes,-4,60,Never,Female
No,Yes,No,Yes,Yes,Yes,Yes,No,No,No,No,-3,32,Never,Female
Yes,Yes,No,Yes,No,Yes,Yes,Yes,No,No,No,+4,62,Once a week,Male
Yes,Yes,No,Yes,Yes,Yes,No,Yes,Yes,No,No,+4,45,Once a month,Male
Yes,Yes,No,Yes,No,Yes,Yes,Yes,No,No,No,+4,45,Once a month,Male
No,No,No,No,No,No,No,No,Yes,No,Yes,I hate it!-5,34,Once a month,Male
No,Yes,No,Yes,No,Yes,Yes,No,No,No,Yes,I hate it!-5,55,Once a year,Male
No,Yes,Yes,Yes,No,Yes,No,Yes,No,No,Yes,-1,36,Every three months,Male
No,Yes,No,No,No,Yes,Yes,No,No,No,No,0,29,Once a year,Male
No,Yes,No,Yes,No,Yes,Yes,No,No,No,Yes,I hate it!-5,64,Once a month,Female
No,Yes,No,Yes,No,Yes,Yes,No,No,No,No,-3,66,Once a month,Female
No,Yes,No,Yes,No,Yes,No,Yes,No,No,No,+3,49,Once a month,Female
Yes,Yes,No,Yes,No,Yes,Yes,Yes,No,No,No,+2,25,Every three months,Female
No,Yes,No,Yes,No,Yes,Yes,Yes,No,Yes,No,+2,58,Once a month,Female
No,Yes,No,Yes,No,Yes,Yes,Yes,No,No,No,+2,56,Once a year,Female
Yes,Yes,No,No,No,Yes,Yes,Yes,Yes,No,No,+3,29,Every three months,Female
No,Yes,No,Yes,Yes,Yes,Yes,Yes,No,No,No,-1,70,Once a year,Female
No,Yes,No,Yes,Yes,Yes,Yes,No,No,No,Yes,-3,37,Every three months,Female
Yes,Yes,No,Yes,No,Yes,No,Yes,Yes,No,No,+2,38,Once a week,Male
Yes,Yes,No,Yes,No,Yes,Yes,Yes,No,Yes,No,0,59,Once a year,Female
No,Yes,No,Yes,Yes,Yes,Yes,No,No,No,No,-3,20,Every three months,Female
Yes,Yes,No,No,No,Yes,Yes,Yes,No,Yes,No,I love it!+5,69,Once a month,Female
No,Yes,No,Yes,Yes,Yes,No,Yes,Yes,No,No,+1,66,Once a month,Female
No,Yes,No,Yes,No,Yes,Yes,Yes,No,No,No,+2,53,Once a month,Female
No,No,No,Yes,Yes,Yes,Yes,No,No,No,Yes,I hate it!-5,60,Never,Female
Yes,Yes,No,Yes,No,Yes,Yes,Yes,No,No,No,+3,38,Once a week,Female
No,Yes,No,Yes,Yes,No,No,No,Yes,No,Yes,0,34,Every three months,Female
Yes,Yes,Yes,Yes,No,Yes,No,Yes,No,No,No,+2,45,Every three months,Female
Yes,Yes,No,Yes,No,Yes,Yes,Yes,No,No,No,+3,30,Every three months,Male
No,No,No,Yes,Yes,Yes,No,No,Yes,No,Yes,I hate it!-5,38,Never,Male
Yes,Yes,No,No,No,Yes,No,No,No,No,No,+1,55,Once a month,Male
Yes,Yes,No,Yes,No,Yes,No,Yes,No,No,No,+2,35,Once a month,Female
No,Yes,No,No,No,Yes,Yes,Yes,No,No,No,-3,49,Once a year,Female
No,Yes,No,Yes,Yes,Yes,Yes,No,No,No,No,0,60,Once a year,Female
No,No,No,Yes,Yes,No,Yes,No,No,Yes,No,-2,48,Every three months,Female
Yes,Yes,No,Yes,No,Yes,Yes,Yes,No,No,No,+2,43,Once a month,Female
Yes,Yes,No,Yes,Yes,Yes,No,Yes,Yes,No,No,-4,39,Once a year,Male
Yes,Yes,No,Yes,No,Yes,Yes,Yes,No,No,No,0,23,Once a week,Male
Yes,Yes,No,Yes,Yes,Yes,Yes,Yes,No,No,No,+4,51,Once a month,Female
No,Yes,No,Yes,Yes,Yes,Yes,No,No,No,Yes,I hate it!-5,21,Never,Female
Yes,Yes,No,Yes,No,Yes,Yes,Yes,No,No,No,0,70,Once a year,Female
No,Yes,No,Yes,No,Yes,No,No,Yes,No,Yes,I hate it!-5,56,Once a year,Male
No,No,No,Yes,No,No,No,No,Yes,No,Yes,-1,33,Once a year,Female
Yes,Yes,No,Yes,No,Yes,Yes,Yes,No,No,No,+3,58,Every three months,Male
Yes,Yes,No,Yes,Yes,No,No,Yes,Yes,No,No,+3,23,Once a month,Female
Yes,Yes,Yes,Yes,No,Yes,Yes,Yes,No,No,No,0,63,Every three months,Female
Yes,Yes,No,Yes,No,Yes,No,Yes,Yes,No,No,+2,33,Once a month,Female
No,Yes,No,No,No,No,No,Yes,Yes,Yes,No,+1,51,Once a year,Female
Yes,Yes,No,Yes,No,Yes,No,Yes,Yes,No,No,I love it!+5,27,Once a month,Male
Yes,Yes,No,No,No,Yes,Yes,Yes,No,Yes,No,+2,51,Once a month,Male
No,No,No,No,No,No,No,No,No,No,No,-3,69,Never,Male
Yes,Yes,No,No,No,Yes,Yes,Yes,No,No,No,+2,59,Every three months,Female
Yes,Yes,No,Yes,No,Yes,Yes,Yes,No,No,No,+3,40,Once a month,Male
Yes,Yes,No,Yes,Yes,Yes,Yes,Yes,No,No,No,I love it!+5,20,Once a month,Female
No,Yes,No,Yes,Yes,Yes,Yes,No,No,No,Yes,I hate it!-5,28,Never,Male
Yes,Yes,No,Yes,Yes,No,No,Yes,Yes,No,No,+1,31,Once a month,Male
Yes,Yes,No,Yes,Yes,Yes,No,Yes,Yes,No,No,+2,32,Every three months,Female
Yes,Yes,No,Yes,No,Yes,No,Yes,No,No,No,+3,34,Once a week,Female
No,Yes,No,Yes,Yes,Yes,Yes,No,Yes,No,Yes,-3,62,Once a week,Male
Yes,Yes,No,Yes,Yes,Yes,Yes,Yes,No,Yes,No,0,33,Every three months,Female
No,Yes,No,Yes,No,Yes,No,Yes,Yes,No,Yes,-1,51,Once a month,Female
Yes,Yes,No,Yes,Yes,Yes,Yes,Yes,No,No,No,+4,36,Every three months,Male
Yes,Yes,No,Yes,No,Yes,No,Yes,No,No,No,+4,22,Once a month,Female
No,No,No,No,No,No,No,No,Yes,No,Yes,I hate it!-5,51,Never,Female
No,Yes,No,Yes,Yes,Yes,No,Yes,Yes,No,Yes,I hate it!-5,42,Never,Male
Yes,Yes,No,No,Yes,Yes,Yes,Yes,No,Yes,No,+2,24,Once a month,Male
Yes,Yes,No,Yes,Yes,Yes,No,Yes,Yes,No,No,+3,18,Once a month,Male
No,Yes,No,Yes,Yes,Yes,Yes,No,No,No,Yes,I hate it!-5,26,Once a year,Female
No,Yes,Yes,Yes,Yes,Yes,Yes,No,No,Yes,No,0,57,Never,Male
Yes,Yes,No,Yes,No,Yes,Yes,Yes,No,Yes,No,+1,59,Once a week,Male
Yes,Yes,No,Yes,Yes,Yes,No,Yes,Yes,No,No,0,38,Every three months,Female
Yes,Yes,No,Yes,Yes,Yes,Yes,Yes,No,No,No,I love it!+5,26,More than once a week,Female
Yes,Yes,No,Yes,No,Yes,Yes,Yes,No,Yes,No,+2,31,Once a month,Male
Yes,Yes,No,Yes,Yes,Yes,Yes,No,No,No,No,+2,27,Once a year,Female
No,Yes,Yes,Yes,Yes,Yes,No,Yes,Yes,No,No,-3,55,Never,Male
Yes,Yes,No,No,No,Yes,Yes,Yes,No,Yes,No,+4,47,More than once a week,Male
No,No,No,Yes,Yes,No,No,No,Yes,No,Yes,-4,52,Never,Male
Yes,Yes,No,Yes,No,Yes,Yes,Yes,No,Yes,No,I love it!+5,58,Once a week,Male
Yes,Yes,No,Yes,Yes,Yes,Yes,Yes,No,No,No,+2,30,Every three months,Female
Yes,Yes,No,Yes,Yes,Yes,No,Yes,Yes,No,No,-1,38,Every three months,Female
Yes,Yes,No,Yes,No,Yes,Yes,Yes,No,No,No,+4,49,Once a week,Female
Yes,Yes,No,Yes,No,Yes,No,No,No,No,No,+3,37,Once a month,Male
Yes,Yes,No,Yes,Yes,Yes,No,No,Yes,No,No,+3,39,Once a month,Male
Yes,Yes,No,Yes,No,Yes,Yes,Yes,No,No,No,+4,60,Once a week,Male
Yes,Yes,No,Yes,No,No,Yes,Yes,No,No,No,+3,50,Once a week,Male
Yes,Yes,No,Yes,No,Yes,Yes,Yes,No,No,No,+4,25,Once a week,Male
No,Yes,No,Yes,Yes,Yes,Yes,No,No,No,Yes,-4,64,Never,Male
No,No,No,Yes,No,No,No,No,Yes,No,Yes,-3,62,Once a year,Male
No,Yes,No,Yes,Yes,Yes,Yes,No,No,No,Yes,-2,37,Once a year,Male
Yes,Yes,No,No,No,Yes,No,No,Yes,Yes,No,+2,68,Every three months,Male
Yes,Yes,No,Yes,Yes,Yes,Yes,Yes,No,No,No,+2,24,Once a month,Female
Yes,Yes,Yes,No,Yes,Yes,Yes,Yes,No,Yes,No,+1,26,Once a week,Male
No,Yes,No,Yes,Yes,Yes,No,No,Yes,No,No,+2,49,Once a month,Female
No,Yes,No,No,No,No,No,No,Yes,No,No,-2,43,Once a week,Male
Yes,Yes,No,Yes,Yes,Yes,Yes,Yes,No,No,Yes,+4,53,Once a month,Female
Yes,Yes,No,Yes,Yes,Yes,Yes,Yes,No,No,No,+2,41,Once a month,Male
No,Yes,No,Yes,Yes,Yes,Yes,No,No,No,Yes,I hate it!-5,35,Every three months,Female
No,No,No,Yes,Yes,No,No,No,Yes,No,Yes,I hate it!-5,60,Never,Male
Yes,Yes,No,Yes,Yes,Yes,Yes,Yes,No,No,No,+2,35,Once a week,Male
No,Yes,No,Yes,Yes,Yes,No,No,Yes,No,Yes,0,54,Every three months,Male
Yes,Yes,No,Yes,Yes,Yes,Yes,Yes,Yes,No,No,+4,23,Once a week,Female
No,Yes,No,No,Yes,Yes,Yes,No,No,Yes,No,0,41,Once a year,Female
No,Yes,No,Yes,Yes,No,No,No,Yes,No,Yes,I hate it!-5,57,Once a year,Female
No,No,No,Yes,No,Yes,Yes,No,No,No,Yes,I hate it!-5,64,Never,Female
Yes,Yes,No,Yes,Yes,Yes,Yes,Yes,No,No,No,+2,59,Once a month,Female
Yes,Yes,No,Yes,No,Yes,Yes,Yes,No,No,No,+4,38,Once a month,Female
No,Yes,No,Yes,No,Yes,Yes,Yes,No,No,No,+1,66,Every three months,Male
Yes,Yes,No,Yes,No,Yes,Yes,Yes,No,No,No,+4,49,Once a week,Female
Yes,Yes,Yes,Yes,Yes,Yes,No,Yes,Yes,No,No,0,48,Every three months,Female
No,Yes,No,Yes,Yes,No,No,No,Yes,No,No,I hate it!-5,63,Once a year,Female
Yes,Yes,No,Yes,No,Yes,Yes,Yes,No,No,No,+1,64,Every three months,Female
No,Yes,No,Yes,Yes,Yes,Yes,No,No,No,No,-1,56,Every three months,Female
Yes,Yes,No,Yes,No,Yes,Yes,Yes,No,No,No,+3,24,More than once a week,Female
No,No,No,Yes,No,Yes,Yes,No,No,No,Yes,0,57,Once a year,Female
No,No,No,Yes,Yes,Yes,Yes,No,No,Yes,Yes,-4,59,Once a year,Male
Yes,Yes,No,Yes,No,Yes,Yes,Yes,No,Yes,No,+4,39,Once a month,Female
Yes,Yes,No,Yes,No,Yes,Yes,Yes,No,Yes,No,I love it!+5,37,Once a week,Female
Yes,Yes,Yes,No,No,Yes,Yes,Yes,No,Yes,No,0,65,Once a year,Male
No,Yes,No,Yes,No,Yes,No,No,No,No,Yes,I hate it!-5,55,Every three months,Male
Yes,Yes,No,Yes,Yes,Yes,Yes,Yes,No,No,No,-2,34,Once a year,Female
No,Yes,No,Yes,No,Yes,Yes,No,No,No,No,+1,31,Once a week,Female
Yes,Yes,No,Yes,Yes,Yes,Yes,Yes,No,Yes,No,0,23,Once a month,Female
No,Yes,No,Yes,Yes,Yes,Yes,No,No,No,No,0,42,Once a month,Female
Yes,Yes,No,Yes,Yes,Yes,No,Yes,Yes,No,No,+1,31,Once a year,Male
No,Yes,No,Yes,No,Yes,Yes,Yes,No,No,No,+1,32,Once a month,Female
No,Yes,No,Yes,No,Yes,No,No,Yes,No,No,0,49,Every three months,Female
No,Yes,No,No,Yes,Yes,Yes,No,No,No,Yes,0,59,Once a month,Male
Yes,Yes,No,Yes,Yes,Yes,No,No,No,No,No,I love it!+5,21,More than once a week,Female
Yes,Yes,No,Yes,No,Yes,No,Yes,Yes,No,No,+3,25,Once a month,Female
No,Yes,No,Yes,Yes,Yes,Yes,No,No,No,No,+2,24,Once a month,Male
No,Yes,No,Yes,No,Yes,Yes,Yes,No,No,No,I hate it!-5,58,Never,Male
No,Yes,No,Yes,No,Yes,No,No,Yes,No,No,0,54,Every three months,Male
No,No,No,Yes,Yes,Yes,No,No,Yes,No,Yes,I hate it!-5,62,Never,Male
No,Yes,No,Yes,Yes,Yes,No,No,Yes,No,No,+3,31,Once a month,Male
Yes,Yes,No,Yes,Yes,Yes,Yes,Yes,Yes,Yes,Yes,+1,21,Once a month,Female
No,Yes,No,Yes,No,Yes,Yes,No,No,No,No,+2,48,Once a month,Male
Yes,Yes,Yes,Yes,Yes,Yes,Yes,Yes,No,No,Yes,0,30,Every three months,Female
Yes,Yes,No,Yes,Yes,Yes,Yes,Yes,No,No,Yes,+2,36,Once a week,Female
Yes,Yes,No,Yes,Yes,Yes,Yes,Yes,No,No,No,+2,21,Every three months,Female
No,Yes,No,Yes,Yes,Yes,Yes,No,No,No,No,+2,63,Every three months,Female
Yes,Yes,No,Yes,Yes,No,Yes,No,No,Yes,No,+1,33,Once a week,Male
Yes,Yes,No,Yes,Yes,Yes,Yes,Yes,No,No,No,I love it!+5,18,Once a week,Female
Yes,Yes,No,Yes,Yes,Yes,Yes,Yes,No,No,No,+2,20,Once a month,Male
No,Yes,No,Yes,Yes,Yes,Yes,Yes,No,No,No,0,56,Once a month,Female
Yes,Yes,No,Yes,Yes,Yes,Yes,Yes,No,Yes,No,+3,38,Every three months,Female
No,Yes,No,Yes,No,Yes,Yes,No,No,No,No,+1,43,Every three months,Male
No,Yes,No,Yes,Yes,Yes,No,Yes,Yes,No,Yes,0,18,Every three months,Male
No,Yes,No,Yes,Yes,Yes,Yes,No,Yes,No,No,+3,19,Once a week,Male
No,Yes,Yes,Yes,No,Yes,No,No,Yes,No,Yes,-2,43,Every three months,Male
No,No,No,Yes,Yes,Yes,No,No,Yes,No,Yes,I hate it!-5,50,Never,Male
Yes,Yes,No,Yes,Yes,Yes,No,No,Yes,No,No,-3,54,Once a month,Female
Yes,Yes,No,Yes,Yes,Yes,Yes,Yes,No,No,No,+2,23,Once a week,Male
No,Yes,No,Yes,Yes,Yes,Yes,Yes,Yes,No,Yes,0,40,Every three months,Male
Yes,Yes,Yes,Yes,No,Yes,No,Yes,Yes,Yes,No,+2,52,Every three months,Female
No,Yes,No,Yes,No,Yes,Yes,No,No,No,No,0,35,Every three months,Male
No,Yes,No,Yes,No,Yes,No,No,Yes,No,No,+1,41,Once a month,Male
No,No,No,Yes,Yes,Yes,No,No,Yes,No,Yes,-4,60,Once a year,Male
Yes,Yes,No,Yes,No,Yes,Yes,Yes,No,Yes,No,+3,66,Every three months,Female
No,Yes,Yes,Yes,Yes,Yes,Yes,Yes,No,Yes,No,-1,45,Every three months,Male
No,Yes,No,Yes,Yes,No,No,No,Yes,No,Yes,I hate it!-5,39,Once a month,Male
No,Yes,Yes,Yes,Yes,Yes,Yes,Yes,Yes,No,No,+1,49,Once a year,Female
Yes,Yes,No,Yes,Yes,Yes,Yes,Yes,No,No,No,+1,58,Once a month,Female
Yes,Yes,No,No,No,Yes,Yes,Yes,No,Yes,No,+3,32,Every three months,Female
Yes,Yes,No,Yes,No,No,No,Yes,Yes,Yes,No,+3,34,Once a month,Female
No,Yes,No,Yes,Yes,Yes,Yes,No,No,No,Yes,-2,50,Once a month,Female
No,Yes,No,Yes,No,Yes,No,No,No,No,Yes,I hate it!-5,58,Never,Female
No,Yes,No,Yes,Yes,Yes,Yes,Yes,No,No,Yes,-3,34,Once a year,Female
Yes,Yes,No,Yes,No,Yes,Yes,Yes,No,No,No,+3,53,Every three months,Female
Yes,Yes,No,Yes,No,Yes,No,Yes,Yes,No,No,+3,46,Once a month,Male
Yes,Yes,No,Yes,Yes,No,No,No,Yes,No,No,0,54,Once a year,Female
Yes,Yes,No,Yes,No,Yes,Yes,Yes,No,No,No,+4,29,Once a month,Male
Yes,Yes,No,Yes,No,Yes,Yes,Yes,No,No,No,+4,38,Once a month,Female
Yes,Yes,No,Yes,Yes,Yes,Yes,No,Yes,Yes,No,+2,52,Every three months,Female
Yes,Yes,No,Yes,Yes,Yes,No,Yes,Yes,No,No,+1,32,Once a month,Female
No,Yes,Yes,Yes,Yes,Yes,Yes,Yes,No,No,No,+2,65,Once a month,Female
Yes,Yes,No,Yes,No,Yes,No,No,No,No,No,0,44,Every three months,Male
No,Yes,No,Yes,No,Yes,Yes,No,No,Yes,No,-1,42,Once a month,Male
Yes,Yes,No,Yes,No,Yes,No,Yes,Yes,No,No,+4,37,Once a month,Female
Yes,Yes,No,Yes,No,No,No,Yes,Yes,No,No,0,24,More than once a week,Male
No,Yes,Yes,Yes,Yes,Yes,No,Yes,No,No,Yes,0,69,Never,Female
No,Yes,Yes,Yes,Yes,Yes,Yes,Yes,No,No,Yes,0,39,Once a month,Male
Yes,No,No,No,No,Yes,No,Yes,No,Yes,No,+4,55,Once a month,Male
Yes,Yes,No,Yes,Yes,Yes,No,Yes,Yes,No,No,+2,47,Every three months,Female
Yes,Yes,No,Yes,No,Yes,No,Yes,Yes,Yes,No,I love it!+5,46,Once a month,Female
Yes,Yes,No,Yes,No,Yes,No,Yes,Yes,No,No,0,63,Every three months,Female
No,No,No,Yes,Yes,Yes,Yes,No,No,No,Yes,-4,64,Never,Female
Yes,Yes,No,Yes,Yes,Yes,No,No,Yes,No,Yes,+3,34,Every three months,Female
No,Yes,No,Yes,Yes,Yes,No,No,Yes,No,Yes,-2,30,Once a week,Male
Yes,Yes,No,Yes,Yes,Yes,Yes,Yes,No,No,No,+2,37,Once a year,Female
Yes,Yes,No,Yes,No,Yes,No,Yes,Yes,Yes,No,+4,48,Once a month,Male
Yes,Yes,No,Yes,Yes,Yes,Yes,Yes,No,Yes,No,+3,32,Once a month,Female
No,Yes,No,Yes,Yes,Yes,No,Yes,No,No,No,-1,24,Once a year,Female
Yes,Yes,Yes,No,No,Yes,Yes,Yes,No,Yes,No,+4,65,Every three months,Male
No,Yes,No,Yes,Yes,Yes,Yes,No,No,No,No,-3,64,Every three months,Male
No,Yes,No,No,No,Yes,No,No,No,No,No,0,64,Every three months,Male
Yes,Yes,No,Yes,No,Yes,Yes,Yes,No,Yes,No,+2,50,Once a month,Male
Yes,Yes,No,Yes,No,Yes,No,Yes,Yes,No,No,+2,55,Once a month,Male
No,Yes,Yes,Yes,Yes,Yes,Yes,No,No,No,No,-2,70,Once a year,Male
No,No,No,Yes,Yes,No,Yes,No,No,No,Yes,-2,35,Never,Female
No,No,No,No,No,No,No,No,No,No,No,I hate it!-5,24,Never,Male
No,Yes,No,Yes,Yes,Yes,No,No,Yes,No,Yes,I hate it!-5,18,Once a year,Male
Yes,Yes,No,Yes,Yes,Yes,Yes,Yes,No,No,No,+4,30,Once a month,Female
No,Yes,No,Yes,Yes,Yes,No,No,No,No,Yes,-3,59,Once a year,Male
Yes,Yes,No,Yes,No,Yes,No,Yes,Yes,No,No,+3,64,Once a month,Male
No,Yes,Yes,Yes,Yes,Yes,Yes,Yes,No,No,No,-3,62,Once a year,Male
No,Yes,No,Yes,No,No,No,No,Yes,No,No,-3,63,Once a year,Female
Yes,Yes,No,Yes,Yes,No,No,Yes,No,No,No,+3,36,Once a week,Male
No,Yes,No,Yes,Yes,No,No,No,Yes,No,No,0,32,Every three months,Male
Yes,No,No,No,Yes,Yes,No,Yes,Yes,No,No,I love it!+5,61,Once a week,Female
Yes,Yes,No,Yes,No,Yes,No,Yes,Yes,No,No,+4,42,Once a week,Female
Yes,Yes,No,Yes,No,Yes,Yes,Yes,No,No,No,I love it!+5,43,Once a month,Female
No,Yes,No,Yes,No,No,No,No,No,No,No,0,44,Once a year,Female
No,No,No,Yes,Yes,Yes,No,Yes,Yes,No,No,+2,19,Once a week,Male
No,Yes,No,Yes,Yes,Yes,No,Yes,Yes,No,No,+1,53,Every three months,Female
Yes,Yes,No,Yes,No,Yes,Yes,Yes,No,No,No,+2,32,Every three months,Male
No,Yes,No,Yes,Yes,Yes,No,No,Yes,No,No,0,52,Once a month,Female
No,Yes,No,Yes,No,Yes,Yes,No,No,No,Yes,-3,60,Never,Male
No,Yes,No,Yes,Yes,Yes,No,No,Yes,No,No,-1,53,Every three months,Female
No,Yes,No,Yes,Yes,Yes,Yes,No,No,No,Yes,I hate it!-5,33,Once a year,Female
Yes,No,Yes,No,No,No,No,No,Yes,Yes,No,I love it!+5,40,Once a month,Female
Yes,Yes,No,Yes,No,Yes,No,Yes,Yes,No,No,-2,63,Once a year,Male
Yes,Yes,Yes,No,No,Yes,Yes,Yes,No,Yes,No,+3,47,Once a week,Male
Yes,Yes,No,Yes,No,Yes,No,Yes,No,No,No,+3,25,Once a month,Female
No,Yes,No,Yes,No,Yes,Yes,No,No,No,No,-3,38,Every three months,Male
Yes,Yes,No,Yes,Yes,Yes,Yes,Yes,No,No,No,I love it!+5,28,Once a week,Female
No,Yes,No,Yes,Yes,Yes,No,No,Yes,Yes,No,0,57,Once a year,Male
Yes,Yes,No,Yes,No,Yes,Yes,Yes,No,Yes,No,+4,56,Once a week,Female
Yes,Yes,No,Yes,Yes,Yes,No,Yes,Yes,No,No,+3,35,Every three months,Male
No,No,No,Yes,Yes,Yes,No,No,Yes,No,Yes,-3,62,Once a year,Male
Yes,Yes,No,Yes,No,Yes,No,Yes,Yes,No,No,+1,37,Every three months,Female
No,Yes,No,Yes,Yes,Yes,Yes,No,No,Yes,No,+1,63,Once a week,Male
No,Yes,Yes,No,No,Yes,No,No,Yes,Yes,No,+1,57,Once a year,Male
No,Yes,No,Yes,Yes,Yes,Yes,No,No,No,No,-1,53,Once a year,Female
No,Yes,No,Yes,Yes,Yes,Yes,No,No,No,Yes,+2,49,Once a week,Female
No,Yes,Yes,Yes,Yes,Yes,Yes,Yes,No,No,No,+1,56,Never,Male
No,Yes,Yes,Yes,No,Yes,Yes,Yes,No,No,No,+1,50,Once a month,Male
Yes,Yes,No,Yes,No,Yes,Yes,Yes,No,No,No,+4,59,Once a year,Female
Yes,Yes,No,Yes,No,Yes,Yes,Yes,No,Yes,No,I love it!+5,32,Once a month,Female
Yes,Yes,No,Yes,No,Yes,No,Yes,No,No,No,+4,44,Once a month,Female
No,Yes,No,Yes,Yes,Yes,No,No,Yes,No,No,+1,34,Once a month,Female
No,Yes,No,Yes,No,Yes,Yes,No,No,No,Yes,0,51,Once a year,Female
Yes,Yes,No,Yes,Yes,Yes,Yes,Yes,No,No,No,+1,33,Once a month,Male
Yes,Yes,No,Yes,Yes,Yes,Yes,Yes,No,Yes,No,+2,36,Once a month,Female
Yes,Yes,No,Yes,Yes,Yes,No,Yes,Yes,Yes,No,+3,24,More than once a week,Female
Yes,Yes,No,Yes,No,Yes,Yes,Yes,No,No,No,+3,42,Once a month,Female
No,Yes,No,Yes,Yes,Yes,No,No,Yes,No,Yes,I hate it!-5,45,Never,Male
No,Yes,No,Yes,Yes,Yes,No,No,Yes,No,Yes,0,48,Every three months,Female
Yes,Yes,No,Yes,No,Yes,Yes,Yes,No,No,No,I love it!+5,34,More than once a week,Female
Yes,Yes,No,Yes,No,Yes,Yes,Yes,No,No,No,I love it!+5,28,Once a week,Female
No,No,No,No,No,No,No,No,No,No,No,0,55,Once a year,Female
Yes,Yes,No,Yes,Yes,Yes,Yes,Yes,No,Yes,No,+2,29,Every three months,Female
Yes,Yes,No,No,No,Yes,Yes,Yes,No,Yes,No,I love it!+5,40,Once a month,Female
Yes,Yes,No,Yes,Yes,Yes,No,Yes,Yes,No,No,0,44,Every three months,Male
No,Yes,Yes,Yes,Yes,Yes,No,No,Yes,No,Yes,I hate it!-5,49,Once a year,Male
Yes,Yes,No,Yes,No,Yes,Yes,Yes,No,No,No,+3,29,Once a month,Male
Yes,Yes,No,Yes,Yes,Yes,Yes,Yes,No,No,No,+4,40,Once a week,Male
No,No,No,Yes,No,Yes,Yes,No,Yes,No,No,+3,30,More than once a week,Male
Yes,Yes,No,Yes,No,Yes,Yes,Yes,No,No,No,+2,34,Once a month,Male
Yes,Yes,Yes,Yes,Yes,Yes,Yes,Yes,No,No,No,+1,60,Every three months,Male
No,Yes,No,Yes,No,Yes,Yes,Yes,No,No,No,+2,66,Once a month,Male
Yes,Yes,No,No,No,Yes,No,Yes,Yes,Yes,No,+3,51,Every three months,Male
No,No,No,Yes,Yes,Yes,Yes,No,No,No,Yes,I hate it!-5,44,Once a year,Male
Yes,Yes,No,No,No,Yes,Yes,Yes,No,Yes,No,+3,64,Once a year,Male
Yes,Yes,No,No,No,Yes,Yes,No,Yes,Yes,No,+3,37,Every three months,Female
No,No,No,Yes,Yes,No,No,No,Yes,No,Yes,I hate it!-5,51,Never,Male
Yes,Yes,No,Yes,No,Yes,Yes,Yes,No,No,No,+4,30,Once a week,Male
No,Yes,Yes,Yes,Yes,Yes,Yes,No,No,Yes,Yes,-4,53,Once a year,Male
No,No,No,Yes,Yes,No,Yes,Yes,No,No,No,+1,48,Once a month,Male
No,Yes,No,Yes,Yes,Yes,No,No,Yes,No,No,-2,67,Once a year,Female
No,Yes,No,Yes,Yes,Yes,No,No,Yes,No,Yes,I hate it!-5,39,Never,Male
Yes,Yes,No,Yes,No,Yes,Yes,Yes,No,Yes,No,+3,67,Every three months,Female
No,Yes,No,Yes,Yes,Yes,No,No,No,No,Yes,-3,61,Never,Male
No,Yes,No,Yes,No,No,No,Yes,Yes,No,No,+2,57,Every three months,Male
No,Yes,No,Yes,No,No,Yes,No,No,No,Yes,I hate it!-5,64,Once a year,Male
No,Yes,No,Yes,Yes,Yes,Yes,Yes,No,No,Yes,-4,64,Once a year,Female
Yes,Yes,No,Yes,Yes,Yes,Yes,Yes,Yes,Yes,No,+4,34,Once a week,Female
Yes,Yes,Yes,Yes,Yes,Yes,Yes,Yes,Yes,Yes,No,+4,45,Once a week,Male
Yes,Yes,No,Yes,No,Yes,Yes,Yes,No,No,No,+3,34,Once a month,Male
No,Yes,No,Yes,Yes,Yes,Yes,No,No,No,Yes,I hate it!-5,67,Once a year,Male
No,No,No,Yes,No,Yes,No,No,No,No,Yes,I hate it!-5,38,Never,Female
Yes,Yes,No,Yes,Yes,Yes,Yes,Yes,Yes,No,No,+2,22,Once a week,Male
Yes,Yes,Yes,No,No,Yes,Yes,Yes,No,No,No,I love it!+5,57,Once a week,Female
Yes,Yes,No,No,No,Yes,Yes,Yes,No,No,No,+2,65,Every three months,Female
No,Yes,No,Yes,Yes,Yes,No,No,No,No,No,-2,63,Once a year,Male
No,Yes,No,Yes,Yes,Yes,No,No,Yes,No,Yes,0,49,Once a year,Male
No,Yes,No,Yes,Yes,Yes,Yes,No,No,No,Yes,-2,36,Once a year,Male
No,No,Yes,Yes,Yes,No,No,No,No,Yes,Yes,-1,60,Never,Female
No,Yes,No,Yes,Yes,Yes,No,No,Yes,No,Yes,-3,62,Once a year,Female
Yes,Yes,No,Yes,No,Yes,Yes,Yes,Yes,No,No,I love it!+5,55,Once a week,Male
Yes,Yes,No,Yes,No,Yes,No,Yes,No,No,No,+3,41,Once a month,Female
No,Yes,No,Yes,Yes,Yes,No,No,Yes,No,Yes,-2,46,More than once a week,Male
Yes,Yes,No,Yes,No,Yes,Yes,Yes,No,No,No,+3,51,Once a month,Female
Yes,Yes,No,No,No,Yes,No,Yes,No,Yes,No,I love it!+5,61,Every three months,Female
Yes,Yes,No,Yes,No,Yes,No,Yes,Yes,Yes,No,+3,38,Once a week,Female
No,Yes,No,Yes,Yes,Yes,No,No,Yes,No,Yes,-4,59,Never,Female
Yes,Yes,No,No,No,Yes,No,Yes,No,Yes,No,+4,36,Once a month,Male
No,Yes,No,Yes,Yes,Yes,Yes,No,No,No,No,0,62,Never,Female
No,Yes,Yes,Yes,Yes,Yes,No,Yes,Yes,No,No,0,58,Once a month,Male
Yes,Yes,No,Yes,Yes,Yes,Yes,Yes,No,No,No,+4,23,Once a week,Female
No,Yes,No,Yes,No,Yes,No,No,Yes,No,Yes,I hate it!-5,50,Every three months,Female
Yes,Yes,No,Yes,No,Yes,No,Yes,Yes,No,No,+4,25,Once a month,Female
No,Yes,No,Yes,No,Yes,Yes,Yes,No,No,No,+1,55,Once a month,Male
No,Yes,No,Yes,Yes,Yes,Yes,No,Yes,No,Yes,I hate it!-5,48,Once a year,Male
No,No,No,Yes,No,Yes,No,No,No,No,Yes,I hate it!-5,62,Never,Female
Yes,Yes,No,Yes,No,Yes,Yes,Yes,No,No,No,+2,61,Every three months,Female
Yes,Yes,No,Yes,Yes,Yes,No,Yes,Yes,No,No,+4,32,More than once a week,Female
No,Yes,No,No,No,Yes,Yes,No,No,Yes,No,0,49,Every three months,Male
Yes,Yes,Yes,Yes,Yes,Yes,Yes,Yes,Yes,Yes,Yes,+3,20,Once a month,Male
No,Yes,No,Yes,Yes,Yes,No,No,Yes,No,Yes,+1,43,Every three months,Female
No,No,No,No,No,Yes,Yes,No,No,No,No,I hate it!-5,63,Never,Female
Yes,Yes,No,No,No,Yes,Yes,Yes,No,Yes,No,+4,60,Once a month,Female
No,Yes,No,Yes,No,Yes,Yes,No,No,No,No,+1,68,Once a year,Female
Yes,Yes,No,Yes,No,Yes,Yes,Yes,No,No,No,+3,64,Once a month,Male
No,Yes,No,Yes,Yes,Yes,Yes,No,No,No,Yes,I hate it!-5,57,Once a year,Male
Yes,Yes,No,No,No,Yes,Yes,Yes,No,No,No,+4,71,Once a month,Male
Yes,Yes,No,Yes,Yes,Yes,Yes,Yes,No,No,Yes,+3,30,Every three months,Female
Yes,Yes,No,No,No,Yes,Yes,Yes,No,Yes,No,I love it!+5,61,More than once a week,Male
Yes,No,No,No,No,Yes,Yes,Yes,No,No,No,+1,55,Once a month,Female
Yes,Yes,No,No,No,Yes,No,No,Yes,No,No,-3,53,Once a month,Male
Yes,Yes,No,Yes,No,Yes,No,Yes,Yes,No,No,+4,45,Every three months,Male
Yes,Yes,No,Yes,No,Yes,Yes,Yes,No,No,No,+3,41,Once a month,Male
Yes,Yes,No,Yes,Yes,Yes,No,Yes,Yes,Yes,No,+3,30,Every three months,Male
No,Yes,No,Yes,No,Yes,Yes,No,No,No,No,+2,42,Once a week,Female
Yes,Yes,No,No,No,Yes,Yes,Yes,No,No,No,+3,22,Once a week,Female
Yes,Yes,No,Yes,No,Yes,Yes,Yes,No,No,No,+3,46,Every three months,Female
Yes,Yes,No,Yes,No,Yes,No,Yes,No,No,No,I love it!+5,43,Once a month,Male
Yes,Yes,No,No,No,Yes,Yes,Yes,No,Yes,No,I love it!+5,33,Once a month,Female
Yes,Yes,No,Yes,Yes,Yes,Yes,Yes,No,No,No,-2,19,Never,Female
Yes,Yes,No,Yes,Yes,Yes,No,Yes,Yes,No,No,+4,24,Once a month,Male
No,Yes,No,Yes,Yes,Yes,Yes,No,Yes,No,Yes,-4,58,Once a year,Male
No,Yes,No,Yes,No,Yes,No,No,Yes,No,No,0,59,Every three months,Male
Yes,Yes,No,Yes,No,Yes,Yes,Yes,No,No,No,+3,31,Once a month,Female
No,Yes,No,Yes,Yes,Yes,No,No,Yes,No,No,+2,37,Once a month,Female
No,Yes,Yes,Yes,Yes,Yes,Yes,Yes,No,No,No,+2,56,Once a month,Male
No,Yes,No,Yes,Yes,Yes,Yes,Yes,No,No,No,-2,52,Every three months,Male
No,No,No,Yes,Yes,Yes,Yes,No,No,No,Yes,I hate it!-5,36,Never,Male
Yes,Yes,No,Yes,Yes,Yes,Yes,Yes,No,Yes,No,+4,25,Once a month,Female
Yes,Yes,No,Yes,Yes,Yes,No,Yes,No,No,Yes,0,20,Once a year,Male
Yes,No,No,Yes,Yes,Yes,No,Yes,Yes,No,No,+4,21,Once a month,Female
Yes,Yes,No,Yes,Yes,Yes,No,No,Yes,No,No,-2,59,Once a week,Female
No,Yes,No,Yes,No,Yes,Yes,No,No,No,No,-4,51,Once a year,Female
No,Yes,No,Yes,No,Yes,Yes,Yes,No,No,No,+2,50,Once a month,Female
No,Yes,No,Yes,No,Yes,Yes,No,No,No,No,0,63,Every three months,Male
Yes,Yes,No,Yes,No,Yes,Yes,Yes,No,No,No,+1,25,Every three months,Female
No,Yes,No,Yes,No,Yes,Yes,Yes,No,No,No,+1,51,Once a month,Male
No,Yes,No,Yes,Yes,Yes,Yes,Yes,No,No,No,-1,36,Once a year,Female
Yes,Yes,No,Yes,Yes,Yes,No,Yes,Yes,No,No,+3,31,Once a month,Female
No,Yes,No,Yes,No,Yes,Yes,No,No,No,No,+1,26,Once a month,Male
No,No,No,No,No,No,No,No,No,No,Yes,I hate it!-5,30,Once a year,Male
Yes,Yes,No,Yes,No,Yes,Yes,Yes,No,No,No,+2,37,Once a month,Female
Yes,Yes,No,Yes,Yes,Yes,No,No,No,No,Yes,-1,30,Every three months,Male
Yes,Yes,No,Yes,Yes,Yes,Yes,Yes,No,Yes,No,+4,30,Once a month,Female
No,Yes,Yes,No,No,Yes,No,Yes,Yes,No,No,+4,55,Every three months,Female
No,Yes,No,Yes,Yes,Yes,Yes,No,No,No,No,+1,19,Once a month,Female
Yes,Yes,No,No,No,Yes,Yes,Yes,No,Yes,No,I love it!+5,23,More than once a week,Female
No,Yes,No,Yes,Yes,Yes,Yes,No,No,No,Yes,-4,26,Every three months,Female
No,Yes,No,Yes,No,Yes,Yes,No,No,No,No,-1,59,Once a year,Female
Yes,Yes,No,No,No,Yes,No,Yes,Yes,Yes,No,+4,23,Once a week,Male
Yes,Yes,No,Yes,Yes,Yes,No,Yes,No,No,No,+4,30,Once a month,Male
Yes,Yes,No,Yes,Yes,Yes,Yes,Yes,No,No,No,+3,18,Every three months,Female
No,Yes,No,No,Yes,Yes,Yes,Yes,No,No,Yes,0,51,Once a year,Male
No,No,No,Yes,Yes,Yes,No,No,Yes,No,Yes,+2,35,Once a year,Male
Yes,Yes,No,Yes,Yes,Yes,No,Yes,Yes,No,Yes,+3,43,Once a week,Female
No,Yes,No,Yes,Yes,Yes,No,Yes,No,No,No,0,56,Once a year,Female
No,Yes,No,Yes,No,Yes,No,No,Yes,No,No,+2,53,Once a week,Male
No,Yes,No,Yes,Yes,Yes,Yes,No,No,No,No,-3,47,Every three months,Female
Yes,Yes,No,Yes,Yes,Yes,No,Yes,No,No,No,+2,65,Every three months,Male
No,Yes,No,Yes,No,Yes,No,No,No,No,No,0,51,Never,Male
Yes,Yes,No,Yes,No,Yes,No,Yes,Yes,No,No,+2,33,Once a month,Female
Yes,Yes,No,Yes,Yes,Yes,No,Yes,Yes,No,No,0,61,Never,Male
Yes,Yes,No,Yes,No,Yes,Yes,Yes,No,No,No,0,33,Once a month,Female
Yes,Yes,No,Yes,Yes,Yes,Yes,Yes,No,Yes,No,0,25,Once a month,Male
No,Yes,No,Yes,Yes,Yes,Yes,Yes,Yes,No,Yes,I hate it!-5,36,Never,Male
Yes,Yes,No,Yes,No,Yes,Yes,Yes,No,Yes,No,I love it!+5,47,Once a month,Male
Yes,Yes,Yes,Yes,No,Yes,Yes,Yes,No,Yes,No,+2,59,Once a month,Female
Yes,Yes,No,Yes,Yes,Yes,No,No,Yes,No,Yes,-4,37,Once a year,Female
Yes,Yes,Yes,Yes,Yes,Yes,Yes,Yes,No,No,No,0,22,Once a month,Male
No,Yes,No,Yes,Yes,Yes,Yes,No,No,No,Yes,-3,48,Every three months,Male
Yes,Yes,No,Yes,No,Yes,Yes,Yes,No,No,Yes,+2,70,Once a year,Male
No,No,No,Yes,Yes,Yes,Yes,No,Yes,No,Yes,I hate it!-5,51,Never,Male
No,Yes,No,Yes,No,Yes,Yes,No,No,No,No,+3,23,Once a month,Female
Yes,Yes,Yes,Yes,Yes,Yes,Yes,Yes,Yes,Yes,No,I love it!+5,28,Every three months,Female
Yes,Yes,No,Yes,Yes,Yes,No,Yes,Yes,No,Yes,+4,39,Once a week,Male
No,Yes,No,No,No,Yes,No,Yes,No,Yes,No,+4,62,Every three months,Female
Yes,Yes,No,Yes,No,Yes,No,Yes,Yes,No,No,I love it!+5,25,Once a week,Female
Yes,Yes,No,Yes,Yes,Yes,No,No,Yes,No,No,+2,27,Every three months,Female
No,Yes,No,No,No,Yes,No,No,No,No,No,-2,59,Every three months,Female
No,Yes,Yes,Yes,Yes,Yes,Yes,No,No,No,No,-3,65,Every three months,Male
No,No,No,No,No,No,No,Yes,Yes,No,No,-4,54,Every three months,Female
Yes,Yes,No,Yes,No,Yes,Yes,Yes,No,Yes,No,+3,64,Every three months,Male
Yes,Yes,No,No,No,Yes,No,Yes,No,No,No,+2,49,Once a month,Female
Yes,Yes,No,Yes,Yes,Yes,Yes,Yes,Yes,No,No,I love it!+5,22,More than once a week,Female
Yes,Yes,No,Yes,Yes,Yes,Yes,Yes,No,No,No,+3,35,Once a month,Male
Yes,Yes,No,Yes,Yes,Yes,No,Yes,Yes,No,No,+4,41,More than once a week,Female
Yes,Yes,No,Yes,No,Yes,Yes,Yes,Yes,Yes,Yes,+1,32,Every three months,Male
Yes,Yes,No,Yes,Yes,Yes,No,Yes,No,No,No,I love it!+5,24,Once a week,Female
Yes,Yes,No,No,No,Yes,Yes,Yes,No,Yes,No,I love it!+5,52,Once a week,Female
No,No,No,Yes,Yes,Yes,No,No,Yes,No,Yes,I hate it!-5,44,Once a year,Male
Yes,Yes,No,Yes,No,Yes,Yes,Yes,No,No,No,+4,38,Once a month,Female
Yes,Yes,No,Yes,Yes,Yes,Yes,Yes,No,No,No,+3,43,Once a week,Female
Yes,Yes,No,Yes,Yes,Yes,Yes,Yes,No,No,No,+1,32,Once a year,Female
No,Yes,No,Yes,No,Yes,No,No,Yes,No,No,-1,38,Every three months,Male
No,Yes,No,Yes,Yes,Yes,Yes,No,No,No,No,0,63,Never,Female
Yes,Yes,No,Yes,No,Yes,No,Yes,No,Yes,No,+3,46,Every three months,Female
Yes,Yes,No,Yes,No,Yes,No,Yes,No,No,Yes,+3,29,Every three months,Female
No,No,No,Yes,Yes,No,No,No,Yes,No,Yes,I hate it!-5,61,Never,Female
Yes,Yes,No,Yes,Yes,No,No,No,Yes,No,No,+2,47,Every three months,Male
Yes,Yes,No,Yes,Yes,Yes,No,Yes,Yes,No,No,+3,31,Once a month,Male
No,Yes,No,No,No,Yes,Yes,Yes,No,Yes,No,+3,35,Once a week,Male
Yes,Yes,No,Yes,No,Yes,Yes,Yes,No,No,No,+3,64,Every three months,Male
Yes,Yes,No,Yes,Yes,Yes,Yes,Yes,No,No,No,+2,26,Once a month,Female
No,Yes,Yes,Yes,Yes,Yes,Yes,No,No,No,No,-1,55,Once a year,Female
Yes,Yes,No,Yes,Yes,Yes,Yes,Yes,No,No,No,+3,46,More than once a week,Female
Yes,Yes,No,No,No,Yes,Yes,Yes,No,No,No,I love it!+5,52,Once a month,Male
No,Yes,No,Yes,Yes,Yes,No,No,Yes,No,Yes,I hate it!-5,50,Never,Female
Yes,Yes,No,Yes,Yes,Yes,Yes,Yes,No,No,No,+3,33,Once a month,Male
Yes,Yes,No,Yes,No,Yes,Yes,Yes,No,No,No,I love it!+5,30,Once a month,Female
No,Yes,No,Yes,No,Yes,No,No,No,No,No,+3,46,Once a week,Female
No,Yes,No,Yes,No,Yes,Yes,No,No,No,Yes,0,60,Once a year,Female
Yes,Yes,No,Yes,No,No,Yes,Yes,No,No,No,+3,27,More than once a week,Male
Yes,Yes,No,Yes,No,Yes,Yes,Yes,No,No,No,+2,51,Every three months,Female
Yes,Yes,No,No,No,Yes,Yes,Yes,No,Yes,No,+4,41,Once a month,Female
Yes,Yes,No,Yes,No,Yes,Yes,Yes,No,No,No,+2,67,Once a month,Female
No,No,No,Yes,Yes,No,No,No,Yes,No,Yes,I hate it!-5,63,Never,Female
Yes,Yes,No,Yes,No,Yes,No,Yes,No,Yes,No,+3,65,Every three months,Female
No,Yes,No,Yes,Yes,No,No,No,Yes,No,Yes,0,59,Once a month,Male
Yes,Yes,No,Yes,Yes,Yes,No,Yes,Yes,No,No,0,34,Once a year,Female
No,Yes,No,Yes,Yes,Yes,Yes,Yes,No,No,No,0,34,Once a year,Female
Yes,Yes,No,Yes,Yes,Yes,Yes,Yes,No,No,No,+4,53,Once a week,Female
Yes,Yes,No,Yes,No,Yes,Yes,Yes,No,Yes,No,+2,31,Once a week,Female
Yes,Yes,No,No,No,Yes,Yes,Yes,No,Yes,No,I love it!+5,58,Once a month,Female
Yes,Yes,No,No,No,Yes,Yes,Yes,No,No,No,+2,39,Once a week,Male
Yes,Yes,Yes,Yes,No,Yes,Yes,Yes,No,No,No,+4,66,Once a month,Male
Yes,Yes,No,Yes,No,Yes,Yes,Yes,No,No,No,0,55,Once a month,Male
Yes,Yes,No,Yes,No,Yes,No,Yes,Yes,No,No,I love it!+5,28,Once a month,Female
Yes,Yes,No,Yes,Yes,No,No,Yes,Yes,No,Yes,I hate it!-5,34,Once a month,Female
Yes,Yes,No,Yes,No,Yes,No,Yes,Yes,No,No,+4,24,Once a month,Male
Yes,Yes,Yes,No,No,Yes,Yes,No,No,Yes,No,0,59,Every three months,Female
Yes,Yes,No,No,No,Yes,Yes,Yes,No,Yes,No,+3,67,Every three months,Female
No,Yes,No,Yes,Yes,Yes,Yes,No,No,No,Yes,+1,52,Once a month,Female
No,Yes,No,Yes,No,Yes,No,Yes,Yes,No,No,+2,41,Once a week,Male
Yes,Yes,No,Yes,No,Yes,Yes,Yes,No,Yes,No,I love it!+5,37,Once a month,Female
Yes,Yes,No,Yes,Yes,Yes,Yes,Yes,No,No,No,I love it!+5,18,Once a week,Male
Yes,Yes,No,No,No,Yes,Yes,Yes,No,Yes,No,+4,63,Once a week,Male
Yes,Yes,Yes,Yes,Yes,Yes,Yes,Yes,No,No,No,+4,24,Once a week,Male
Yes,Yes,No,No,No,Yes,Yes,Yes,No,No,No,I love it!+5,57,More than once a week,Male
Yes,Yes,No,Yes,No,Yes,Yes,Yes,No,No,No,0,40,Once a month,Male
Yes,Yes,No,Yes,Yes,Yes,No,Yes,Yes,No,No,+2,20,Once a month,Male
Yes,Yes,No,Yes,Yes,Yes,No,Yes,No,No,No,+1,55,Every three months,Male
Yes,Yes,No,Yes,Yes,Yes,No,Yes,Yes,Yes,No,+2,18,Once a year,Female
Yes,Yes,No,Yes,No,No,No,No,Yes,No,No,+1,42,Once a month,Male
No,Yes,No,Yes,No,Yes,Yes,No,Yes,No,Yes,-4,47,Once a year,Female
No,Yes,No,Yes,No,Yes,No,No,Yes,No,No,+3,40,Every three months,Male
Yes,Yes,No,Yes,No,Yes,Yes,Yes,No,Yes,No,+3,35,Once a month,Female
Yes,Yes,No,Yes,Yes,Yes,Yes,No,No,No,No,+1,64,Once a month,Male
No,Yes,No,Yes,Yes,No,Yes,Yes,No,No,Yes,-2,50,Every three months,Female
Yes,Yes,No,No,No,Yes,Yes,Yes,No,Yes,No,I love it!+5,55,Once a week,Female
No,No,No,Yes,Yes,Yes,Yes,No,No,No,Yes,-4,64,Never,Female
No,Yes,No,Yes,Yes,Yes,No,No,Yes,No,Yes,-4,49,Once a year,Female
Yes,Yes,No,No,No,No,No,Yes,Yes,No,No,0,49,Every three months,Male
No,Yes,No,Yes,No,Yes,Yes,No,No,No,No,+3,49,Once a week,Female
No,Yes,No,Yes,Yes,Yes,No,No,Yes,No,Yes,-4,50,Every three months,Male
Yes,Yes,No,Yes,No,Yes,No,Yes,Yes,Yes,No,0,65,Once a year,Male
No,Yes,Yes,Yes,Yes,Yes,No,No,Yes,No,Yes,I hate it!-5,49,Once a week,Male
Yes,Yes,No,Yes,Yes,Yes,Yes,Yes,No,No,No,+4,36,Once a month,Male
Yes,Yes,No,Yes,Yes,Yes,No,Yes,Yes,Yes,No,+4,31,More than once a week,Female
Yes,Yes,No,Yes,Yes,Yes,Yes,Yes,No,No,No,I love it!+5,25,Once a week,Female
Yes,Yes,No,Yes,No,Yes,Yes,Yes,No,No,No,+3,51,Once a month,Male
No,Yes,No,Yes,No,No,No,No,Yes,No,No,+1,41,Once a week,Male
No,Yes,No,Yes,Yes,Yes,Yes,No,No,No,No,-1,58,Once a year,Female
No,Yes,Yes,Yes,No,Yes,Yes,Yes,No,No,No,0,69,Once a month,Male
Yes,Yes,No,Yes,No,Yes,Yes,Yes,No,No,No,+3,22,Once a week,Female
Yes,Yes,No,Yes,No,Yes,No,Yes,Yes,No,No,I love it!+5,39,Once a month,Male
No,Yes,No,Yes,Yes,No,Yes,No,No,No,No,-2,58,Once a month,Female
No,Yes,No,No,Yes,No,No,No,Yes,No,No,-1,47,Once a month,Male
No,Yes,No,Yes,No,Yes,No,Yes,Yes,No,No,+1,62,Once a week,Male
Yes,Yes,No,Yes,No,Yes,Yes,Yes,No,No,No,+3,49,Once a month,Male
No,Yes,Yes,Yes,No,Yes,Yes,Yes,No,No,No,-3,65,Once a year,Female
Yes,Yes,No,Yes,No,Yes,Yes,Yes,No,Yes,No,I love it!+5,39,Once a week,Female
No,Yes,No,Yes,Yes,No,Yes,No,No,No,Yes,-3,33,Once a year,Female
Yes,Yes,No,Yes,No,No,No,Yes,Yes,No,No,+4,33,Once a week,Male
No,Yes,No,Yes,No,Yes,No,Yes,Yes,No,No,+1,64,Once a month,Male
No,Yes,No,Yes,Yes,Yes,Yes,Yes,No,No,No,-2,18,Once a year,Male
Yes,Yes,No,Yes,No,Yes,Yes,Yes,No,Yes,No,+1,67,Once a month,Male
No,Yes,No,Yes,No,Yes,No,No,Yes,No,Yes,I hate it!-5,62,Once a year,Female
No,Yes,No,Yes,Yes,Yes,Yes,Yes,No,No,No,-4,56,Never,Female
No,Yes,No,Yes,Yes,No,Yes,Yes,No,Yes,No,I hate it!-5,36,Once a month,Female
No,Yes,No,Yes,No,No,No,Yes,No,Yes,No,+1,68,Once a year,Male
Yes,Yes,No,No,No,Yes,No,Yes,No,Yes,No,+3,42,Once a month,Female
Yes,Yes,No,Yes,No,No,No,Yes,Yes,No,No,+2,39,Once a week,Male
Yes,Yes,No,Yes,Yes,Yes,Yes,Yes,No,No,No,+3,24,Once a month,Female
Yes,Yes,No,Yes,Yes,Yes,No,Yes,Yes,No,No,+4,38,Once a week,Female
Yes,Yes,No,No,No,Yes,No,Yes,Yes,No,No,I love it!+5,52,Once a week,Male
Yes,Yes,No,No,No,Yes,Yes,Yes,No,Yes,No,+2,43,Once a week,Female
No,Yes,No,Yes,No,Yes,Yes,No,No,No,No,0,57,Every three months,Male
No,Yes,Yes,Yes,Yes,Yes,Yes,No,No,No,No,-4,59,Once a year,Female
No,No,No,Yes,No,No,No,Yes,No,No,Yes,I hate it!-5,57,Never,Female
Yes,Yes,No,Yes,No,Yes,Yes,Yes,No,No,No,0,43,Every three months,Male
Yes,Yes,No,Yes,Yes,Yes,Yes,Yes,No,Yes,No,I love it!+5,25,Once a week,Female
Yes,Yes,No,Yes,No,Yes,Yes,Yes,No,Yes,No,+2,61,Every three months,Female
Yes,Yes,No,Yes,Yes,Yes,No,Yes,Yes,No,No,I love it!+5,25,Once a month,Female
No,No,No,Yes,Yes,Yes,No,No,Yes,No,Yes,I hate it!-5,70,Once a year,Female
No,Yes,No,Yes,Yes,Yes,Yes,No,No,No,No,+2,54,Every three months,Male
Yes,Yes,Yes,Yes,No,Yes,Yes,Yes,No,No,No,I love it!+5,60,Every three months,Male
No,Yes,No,Yes,Yes,Yes,No,No,No,No,No,-4,59,Once a year,Male
No,No,No,Yes,Yes,No,No,No,Yes,No,Yes,I hate it!-5,66,Never,Male
Yes,Yes,No,Yes,No,No,Yes,No,No,Yes,No,+4,51,Once a week,Male
Yes,Yes,No,Yes,No,Yes,No,Yes,Yes,No,No,+1,57,Once a month,Female
No,Yes,No,Yes,Yes,Yes,Yes,No,No,No,No,+2,61,Every three months,Female
Yes,Yes,No,Yes,Yes,No,No,Yes,Yes,Yes,No,+3,31,Once a month,Female
Yes,Yes,No,Yes,Yes,Yes,No,Yes,Yes,No,No,+2,27,Once a week,Male
Yes,Yes,No,Yes,Yes,Yes,Yes,Yes,No,No,No,+3,36,Once a week,Male
No,Yes,No,Yes,Yes,Yes,No,No,Yes,No,Yes,I hate it!-5,45,Never,Female
No,Yes,No,Yes,Yes,Yes,Yes,No,No,No,Yes,-3,53,Every three months,Female
No,Yes,No,No,No,Yes,Yes,Yes,No,Yes,No,+3,42,Once a year,Female
No,Yes,No,Yes,Yes,Yes,Yes,Yes,No,No,No,0,50,Once a year,Female
No,Yes,No,Yes,No,Yes,Yes,No,No,No,Yes,+2,51,Once a month,Female
No,No,No,Yes,Yes,Yes,No,No,Yes,No,Yes,-4,36,Never,Male
Yes,Yes,No,Yes,No,Yes,No,Yes,No,No,No,-1,55,More than once a week,Female
No,Yes,No,Yes,Yes,Yes,No,Yes,No,No,No,0,67,Every three months,Male
Yes,Yes,No,No,No,Yes,Yes,Yes,No,No,No,0,56,Once a month,Male
No,Yes,No,Yes,Yes,Yes,Yes,No,No,No,No,0,70,Once a year,Female
No,No,Yes,Yes,Yes,Yes,Yes,Yes,No,No,Yes,I hate it!-5,58,Once a year,Female
No,No,No,Yes,Yes,Yes,No,No,Yes,No,Yes,I hate it!-5,44,Never,Male
No,Yes,No,Yes,No,Yes,Yes,No,Yes,No,No,I hate it!-5,52,Once a year,Female
Yes,Yes,No,Yes,Yes,Yes,Yes,No,No,No,No,-3,61,Once a year,Female
Yes,Yes,No,Yes,No,Yes,Yes,Yes,No,No,No,+3,33,Once a month,Female
Yes,Yes,No,Yes,Yes,Yes,Yes,Yes,No,No,No,+4,30,Once a month,Female
No,No,No,Yes,Yes,No,No,No,Yes,No,Yes,I hate it!-5,37,Every three months,Male
Yes,Yes,No,Yes,Yes,Yes,No,Yes,Yes,No,No,+3,26,Every three months,Male
No,Yes,Yes,Yes,No,Yes,No,No,Yes,No,No,0,65,Once a year,Female
Yes,Yes,No,Yes,No,Yes,Yes,Yes,No,No,No,I love it!+5,38,Once a month,Female
Yes,Yes,No,Yes,No,Yes,Yes,Yes,No,No,No,+1,29,Once a week,Female
No,Yes,Yes,Yes,No,Yes,No,No,Yes,No,Yes,I hate it!-5,62,Never,Female
No,Yes,No,Yes,No,Yes,Yes,Yes,No,No,No,+4,21,Once a week,Male
No,Yes,No,Yes,No,Yes,Yes,No,No,No,No,-3,35,Once a year,Female
Yes,No,No,Yes,Yes,Yes,Yes,Yes,Yes,No,Yes,I love it!+5,27,Every three months,Male
No,No,No,Yes,Yes,Yes,No,No,Yes,No,Yes,I hate it!-5,19,Never,Male
Yes,Yes,No,Yes,Yes,Yes,No,Yes,No,No,No,I love it!+5,29,Every three months,Male
Yes,Yes,No,Yes,No,Yes,No,No,Yes,No,No,+3,29,Once a week,Male
Yes,Yes,No,Yes,Yes,Yes,Yes,Yes,No,No,No,+4,29,Once a week,Male
Yes,Yes,No,Yes,No,Yes,Yes,Yes,No,No,No,+3,31,Once a week,Female
Yes,Yes,No,Yes,Yes,Yes,Yes,Yes,No,No,No,+1,55,Once a month,Female
Yes,Yes,No,Yes,Yes,Yes,Yes,Yes,No,No,No,+2,36,Every three months,Male
No,Yes,No,Yes,Yes,Yes,Yes,Yes,No,No,Yes,+1,48,Once a year,Female
Yes,Yes,No,Yes,Yes,Yes,Yes,Yes,No,No,No,+2,23,Every three months,Female
Yes,Yes,No,Yes,Yes,Yes,Yes,Yes,No,No,No,I love it!+5,35,Once a month,Male
No,Yes,No,Yes,No,Yes,Yes,No,No,No,Yes,0,29,Never,Male
No,Yes,No,Yes,Yes,Yes,Yes,Yes,No,No,Yes,0,52,Every three months,Female
Yes,Yes,No,Yes,Yes,Yes,Yes,Yes,No,No,No,+4,32,Once a week,Male
No,Yes,No,Yes,No,Yes,Yes,No,No,No,No,+3,39,Once a week,Female
Yes,Yes,No,Yes,No,Yes,Yes,Yes,No,No,No,+3,55,Once a month,Female
Yes,Yes,No,Yes,No,Yes,Yes,Yes,No,No,No,+1,41,Once a week,Male
No,Yes,No,Yes,Yes,Yes,Yes,No,No,No,Yes,I hate it!-5,55,Never,Female
Yes,Yes,No,Yes,No,Yes,Yes,Yes,No,No,No,I love it!+5,29,Once a month,Female
Yes,Yes,No,No,No,Yes,Yes,Yes,No,Yes,No,+3,35,Once a week,Male
Yes,Yes,No,No,No,Yes,Yes,Yes,Yes,Yes,No,I love it!+5,44,Once a week,Male
No,Yes,No,Yes,No,Yes,Yes,Yes,No,Yes,No,+1,60,Every three months,Female
Yes,Yes,No,Yes,No,Yes,No,Yes,Yes,No,No,I love it!+5,40,Once a month,Female
No,Yes,Yes,Yes,Yes,Yes,No,No,No,No,No,I hate it!-5,45,Once a year,Female
No,Yes,No,Yes,Yes,Yes,Yes,No,No,No,No,-2,37,Once a year,Female
Yes,Yes,No,No,No,Yes,Yes,Yes,Yes,Yes,No,I love it!+5,30,Once a week,Male
Yes,Yes,No,Yes,No,Yes,No,Yes,No,No,No,+1,53,Once a month,Male
No,Yes,No,Yes,Yes,Yes,No,No,Yes,No,Yes,I hate it!-5,33,Once a month,Male
No,Yes,No,Yes,No,Yes,No,No,No,No,No,-1,37,Every three months,Male
Yes,Yes,No,Yes,Yes,Yes,Yes,Yes,No,No,No,+4,33,Once a month,Male
Yes,Yes,No,Yes,No,No,Yes,Yes,No,Yes,No,I love it!+5,37,Once a week,Female
Yes,Yes,No,Yes,Yes,Yes,No,No,No,No,No,+1,57,Every three months,Male
No,No,No,Yes,Yes,Yes,Yes,No,No,No,Yes,I hate it!-5,53,Never,Female
Yes,Yes,No,Yes,No,Yes,No,Yes,No,Yes,No,+3,46,More than once a week,Female
No,Yes,No,Yes,Yes,Yes,No,Yes,Yes,No,Yes,0,62,Every three months,Male
Yes,Yes,No,Yes,No,Yes,Yes,Yes,No,No,No,I love it!+5,53,Once a month,Female
No,Yes,No,Yes,No,Yes,Yes,No,No,No,Yes,-1,53,Once a year,Male
Yes,Yes,No,Yes,Yes,Yes,Yes,Yes,No,Yes,No,+4,35,Once a month,Female
No,Yes,No,No,Yes,Yes,No,No,Yes,No,Yes,-3,52,Once a year,Male
Yes,Yes,No,Yes,Yes,Yes,Yes,Yes,No,No,No,+3,23,Once a month,Female
No,Yes,No,Yes,Yes,Yes,No,No,Yes,No,Yes,0,57,Never,Female
Yes,No,No,Yes,Yes,Yes,No,Yes,Yes,No,No,+4,29,Once a week,Female
Yes,Yes,Yes,Yes,Yes,Yes,No,Yes,Yes,Yes,No,0,35,Once a year,Female
No,No,No,Yes,Yes,Yes,No,No,Yes,No,Yes,-4,44,Every three months,Male
No,Yes,No,Yes,Yes,No,Yes,No,No,No,Yes,I hate it!-5,57,Every three months,Female
Yes,Yes,No,Yes,No,Yes,No,Yes,Yes,No,No,+4,49,Once a month,Male
Yes,Yes,Yes,No,No,Yes,Yes,Yes,No,Yes,No,+4,63,Once a month,Male
Yes,Yes,No,Yes,Yes,Yes,Yes,Yes,No,No,No,+4,50,Once a week,Male
Yes,Yes,No,Yes,Yes,Yes,Yes,Yes,No,No,No,+3,69,Once a month,Male
Yes,Yes,No,No,No,Yes,No,Yes,Yes,Yes,No,I love it!+5,55,Once a week,Male
No,Yes,No,No,No,Yes,Yes,No,No,No,No,+2,44,Once a week,Female
No,Yes,No,Yes,No,Yes,Yes,No,No,Yes,No,+1,65,Once a year,Female
Yes,Yes,No,Yes,Yes,No,No,Yes,Yes,No,Yes,+3,30,Every three months,Female
No,Yes,No,Yes,No,Yes,No,No,No,No,No,-2,70,Once a year,Female
No,No,No,Yes,Yes,No,No,No,Yes,No,Yes,-2,67,Every three months,Female
No,Yes,Yes,Yes,Yes,Yes,No,Yes,Yes,No,No,0,60,Every three months,Male
Yes,Yes,No,Yes,Yes,Yes,No,Yes,Yes,No,No,+2,31,Every three months,Female
Yes,Yes,No,Yes,Yes,Yes,Yes,Yes,No,Yes,No,+3,50,Once a week,Female
No,Yes,No,Yes,Yes,Yes,No,No,Yes,No,Yes,I hate it!-5,66,Once a year,Female
Yes,Yes,No,Yes,Yes,Yes,Yes,Yes,No,Yes,No,+3,24,Once a month,Male
Yes,Yes,No,Yes,Yes,Yes,No,No,No,No,No,+3,50,Once a month,Female
Yes,Yes,No,Yes,No,Yes,Yes,Yes,No,No,No,0,42,Once a week,Female
Yes,Yes,No,Yes,Yes,Yes,Yes,Yes,No,Yes,No,I love it!+5,23,Once a week,Female
Yes,Yes,No,Yes,Yes,Yes,No,Yes,Yes,No,No,+3,24,Once a month,Female
Yes,Yes,No,Yes,No,Yes,Yes,Yes,No,No,No,+3,57,Once a month,Male
No,Yes,No,Yes,No,Yes,No,No,Yes,No,No,I hate it!-5,64,Never,Male
No,No,No,No,No,Yes,Yes,Yes,No,No,No,+1,63,Once a month,Female
Yes,Yes,Yes,Yes,Yes,Yes,Yes,Yes,No,No,Yes,-1,62,Once a year,Female
Yes,Yes,No,Yes,Yes,Yes,No,Yes,Yes,No,No,I love it!+5,19,Once a week,Female
Yes,Yes,No,Yes,No,Yes,No,Yes,Yes,No,No,I love it!+5,22,Every three months,Female
Yes,Yes,No,Yes,Yes,No,Yes,Yes,No,No,Yes,+1,20,Every three months,Female
Yes,Yes,No,Yes,No,Yes,Yes,Yes,No,No,No,+1,32,Once a month,Female
Yes,Yes,No,Yes,No,Yes,Yes,Yes,No,Yes,No,+2,22,Every three months,Female
No,Yes,No,Yes,Yes,Yes,No,No,Yes,No,Yes,-2,28,Once a year,Female
Yes,Yes,No,No,No,Yes,Yes,Yes,No,Yes,Yes,+4,47,Once a month,Female
No,Yes,No,Yes,No,Yes,Yes,No,No,No,No,0,63,Once a month,Male
Yes,Yes,No,Yes,Yes,Yes,No,Yes,Yes,Yes,Yes,-4,44,Every three months,Male
Yes,Yes,No,Yes,Yes,Yes,No,Yes,No,No,No,+1,27,Once a year,Female
No,Yes,No,Yes,Yes,Yes,Yes,No,No,No,No,-2,22,Once a month,Male
No,Yes,No,Yes,Yes,Yes,Yes,Yes,No,No,No,-2,66,Never,Female
No,Yes,No,Yes,Yes,Yes,Yes,Yes,No,No,No,+1,68,Every three months,Male
No,Yes,Yes,Yes,Yes,Yes,Yes,Yes,Yes,No,Yes,I hate it!-5,59,Never,Male
Yes,Yes,No,Yes,Yes,No,Yes,Yes,No,No,No,+3,20,Once a month,Female
Yes,Yes,No,Yes,Yes,Yes,No,Yes,Yes,No,No,+3,39,Once a week,Female
No,Yes,No,Yes,Yes,Yes,Yes,No,No,No,Yes,0,24,Every three months,Female
No,Yes,No,Yes,No,Yes,Yes,No,No,No,No,+3,49,Once a week,Male
No,Yes,No,Yes,Yes,No,No,No,Yes,No,Yes,-1,42,Every three months,Male
Yes,Yes,No,Yes,Yes,Yes,Yes,Yes,No,No,No,+4,20,Every three months,Female
No,No,No,Yes,Yes,No,No,No,Yes,No,Yes,I hate it!-5,27,Once a year,Female
No,Yes,No,Yes,Yes,Yes,Yes,No,No,No,Yes,-3,22,Never,Female
No,Yes,No,Yes,Yes,Yes,Yes,No,No,No,Yes,I hate it!-5,26,Once a year,Male
Yes,Yes,Yes,No,No,Yes,Yes,Yes,No,Yes,No,+4,58,Once a week,Male
No,No,No,Yes,Yes,No,No,No,Yes,No,Yes,I hate it!-5,35,Once a year,Male
No,Yes,No,Yes,Yes,Yes,Yes,Yes,No,No,No,0,28,Once a week,Male
No,Yes,No,Yes,Yes,Yes,Yes,No,No,No,No,-4,60,Never,Female
No,Yes,No,Yes,Yes,Yes,No,No,No,No,No,I hate it!-5,61,Every three months,Female
Yes,Yes,No,Yes,No,Yes,No,Yes,Yes,No,No,+3,59,Once a month,Male
No,Yes,No,Yes,Yes,Yes,Yes,No,No,No,No,+1,64,Every three months,Female
No,Yes,No,Yes,Yes,Yes,No,Yes,Yes,No,Yes,0,19,Never,Female
No,Yes,Yes,No,No,Yes,Yes,Yes,No,No,No,-2,69,Every three months,Female
No,Yes,No,No,Yes,Yes,No,Yes,No,No,No,+2,44,Once a month,Male
Yes,Yes,No,Yes,Yes,Yes,Yes,Yes,No,No,No,+2,29,Once a week,Female
No,Yes,No,Yes,Yes,Yes,Yes,No,No,No,No,0,27,Every three months,Male
Yes,Yes,No,Yes,Yes,Yes,Yes,Yes,No,No,Yes,I love it!+5,26,Every three months,Male
No,Yes,No,Yes,Yes,Yes,Yes,No,No,No,No,-1,59,Once a year,Female
Yes,Yes,No,Yes,Yes,Yes,No,No,Yes,No,No,-3,40,Once a year,Male
Yes,Yes,No,Yes,No,Yes,Yes,Yes,Yes,No,Yes,I love it!+5,32,Once a year,Male
No,Yes,No,No,No,Yes,Yes,No,No,No,Yes,-3,49,Every three months,Female
Yes,Yes,No,Yes,No,No,No,Yes,Yes,No,No,+2,58,Every three months,Male
Yes,Yes,No,Yes,No,Yes,Yes,Yes,No,Yes,No,I love it!+5,44,Once a week,Female
No,Yes,No,Yes,No,Yes,No,No,No,No,Yes,-2,54,Every three months,Male
Yes,Yes,No,Yes,Yes,Yes,Yes,Yes,No,No,No,+1,31,Once a week,Female
Yes,Yes,No,Yes,No,Yes,Yes,Yes,No,No,No,0,45,Every three months,Female
No,Yes,No,Yes,No,Yes,Yes,Yes,No,No,No,+1,50,Every three months,Male
Yes,Yes,No,Yes,Yes,Yes,No,Yes,Yes,No,No,+1,23,Once a month,Male
No,Yes,No,Yes,No,Yes,No,No,Yes,No,Yes,-3,45,Once a year,Female
No,Yes,No,No,Yes,Yes,No,Yes,Yes,No,No,+3,30,Once a week,Male
Yes,Yes,No,Yes,Yes,Yes,Yes,Yes,No,No,Yes,I love it!+5,31,Every three months,Male
No,Yes,No,Yes,Yes,Yes,Yes,Yes,No,No,Yes,+2,40,Every three months,Female
Yes,Yes,No,No,No,Yes,Yes,Yes,No,Yes,No,+4,63,Once a month,Male
Yes,Yes,No,Yes,No,Yes,Yes,Yes,No,Yes,No,+3,62,Every three months,Female
Yes,Yes,No,Yes,Yes,Yes,No,Yes,Yes,No,No,I love it!+5,22,More than once a week,Male
Yes,Yes,No,No,No,Yes,Yes,Yes,No,Yes,No,+3,45,Once a month,Female
Yes,Yes,Yes,Yes,Yes,Yes,No,Yes,Yes,No,No,0,54,Every three months,Female
No,No,No,No,No,No,No,No,No,No,No,I hate it!-5,70,Never,Female
Yes,Yes,No,Yes,Yes,Yes,Yes,Yes,No,No,Yes,0,40,Once a month,Male
No,Yes,No,Yes,Yes,Yes,Yes,No,No,No,No,-1,43,Every three months,Male
Yes,Yes,No,Yes,Yes,Yes,No,Yes,Yes,Yes,No,+2,43,Once a week,Male
No,Yes,No,Yes,Yes,Yes,No,Yes,Yes,No,Yes,-2,47,Once a year,Female
No,Yes,No,Yes,Yes,Yes,Yes,No,No,No,No,-4,29,Once a year,Female
Yes,Yes,No,Yes,Yes,Yes,Yes,Yes,No,No,No,+4,66,Once a week,Female
No,Yes,No,Yes,Yes,Yes,No,No,Yes,No,Yes,-1,22,Every three months,Male
Yes,Yes,No,No,No,Yes,Yes,Yes,No,Yes,No,+3,64,Every three months,Female
Yes,Yes,No,Yes,Yes,Yes,No,Yes,Yes,No,No,0,38,Once a month,Male
Yes,Yes,No,No,No,No,No,No,No,No,No,-1,54,Every three months,Male
No,No,No,Yes,Yes,Yes,No,No,Yes,No,Yes,I hate it!-5,42,Once a year,Male
No,Yes,No,Yes,Yes,Yes,Yes,No,No,No,No,-4,68,Every three months,Female
No,Yes,Yes,Yes,Yes,Yes,Yes,No,No,No,Yes,I hate it!-5,65,Never,Female
Yes,Yes,No,Yes,Yes,Yes,Yes,Yes,No,Yes,No,+3,18,Once a month,Female
No,Yes,No,Yes,No,Yes,Yes,Yes,No,No,No,+3,53,Every three months,Female
Yes,Yes,No,Yes,No,Yes,No,Yes,Yes,No,No,+2,42,Once a month,Female
Yes,Yes,No,Yes,No,Yes,No,Yes,No,No,No,I love it!+5,30,Once a month,Female
Yes,Yes,No,Yes,No,Yes,Yes,Yes,No,Yes,No,+2,53,Once a year,Male
Yes,Yes,No,Yes,Yes,Yes,Yes,Yes,No,No,No,+4,27,Once a month,Male
Yes,Yes,No,Yes,Yes,Yes,Yes,Yes,No,No,No,+3,23,Once a week,Male
No,No,No,No,No,No,No,No,Yes,No,Yes,I hate it!-5,40,Once a year,Male
Yes,No,No,Yes,No,Yes,Yes,Yes,No,No,No,+3,60,Every three months,Male
No,Yes,No,Yes,Yes,Yes,No,No,Yes,No,No,0,59,Once a week,Male
No,No,No,Yes,Yes,No,No,No,Yes,No,Yes,-3,49,Once a month,Male
No,Yes,No,Yes,Yes,Yes,No,No,Yes,No,Yes,0,44,Once a month,Male
No,No,No,Yes,Yes,Yes,No,No,Yes,No,Yes,-4,62,Never,Male
Yes,Yes,No,Yes,No,Yes,No,Yes,Yes,No,No,0,37,Once a month,Female
Yes,Yes,No,Yes,Yes,Yes,Yes,Yes,No,No,No,+3,26,Once a month,Female
No,Yes,No,Yes,Yes,Yes,Yes,Yes,No,No,Yes,-4,58,Once a year,Female
Yes,Yes,No,Yes,Yes,No,No,Yes,Yes,Yes,No,I love it!+5,30,Once a week,Female
No,Yes,No,Yes,Yes,Yes,Yes,No,No,No,No,+1,51,Every three months,Female
No,Yes,No,Yes,No,Yes,No,No,Yes,No,No,+3,60,Once a month,Male
Yes,Yes,No,Yes,No,No,No,Yes,Yes,No,No,+3,35,Once a month,Female
Yes,Yes,Yes,Yes,No,Yes,Yes,Yes,No,No,No,+2,60,Once a week,Female
No,Yes,No,Yes,No,Yes,Yes,No,No,No,No,I hate it!-5,65,Once a year,Female
No,Yes,No,Yes,No,Yes,Yes,Yes,No,No,No,+2,58,Every three months,Female
No,No,No,Yes,Yes,Yes,Yes,No,No,No,Yes,I hate it!-5,49,Never,Male
Yes,Yes,No,Yes,Yes,Yes,Yes,Yes,No,No,No,+1,58,Every three months,Female
Yes,Yes,No,Yes,Yes,No,Yes,Yes,No,No,No,+3,26,Every three months,Female
Yes,Yes,No,Yes,Yes,Yes,Yes,No,No,No,No,0,59,Every three months,Male
Yes,Yes,Yes,Yes,Yes,Yes,No,Yes,No,No,Yes,-1,28,Once a month,Female
No,Yes,No,Yes,Yes,Yes,No,Yes,No,No,No,+1,24,Every three months,Female
Yes,Yes,No,Yes,Yes,Yes,No,Yes,Yes,No,No,+3,36,More than once a week,Male
No,No,Yes,Yes,Yes,No,Yes,No,No,Yes,Yes,I hate it!-5,66,Once a year,Male
No,Yes,No,No,No,Yes,Yes,No,No,No,No,0,58,Every three months,Male
No,Yes,No,Yes,Yes,Yes,Yes,Yes,No,No,No,-1,31,Once a month,Female
Yes,Yes,No,Yes,No,Yes,Yes,Yes,No,No,No,+4,27,More than once a week,Male
Yes,Yes,No,Yes,Yes,Yes,Yes,Yes,Yes,No,Yes,+4,20,Once a week,Male
Yes,Yes,No,No,No,Yes,No,Yes,Yes,Yes,No,I love it!+5,37,Once a week,Male
Yes,Yes,No,Yes,No,Yes,Yes,Yes,No,No,No,+1,34,Once a month,Female
No,No,No,Yes,Yes,Yes,Yes,No,No,No,Yes,I hate it!-5,47,Never,Male
Yes,Yes,No,Yes,Yes,Yes,Yes,Yes,No,No,No,+4,25,Every three months,Female
No,Yes,Yes,Yes,Yes,Yes,No,Yes,Yes,No,Yes,I hate it!-5,67,Once a year,Male
Yes,Yes,No,No,No,No,Yes,Yes,No,No,No,+4,57,Once a month,Female
Yes,Yes,No,Yes,No,Yes,Yes,Yes,No,No,No,+3,48,Once a week,Female
Yes,Yes,No,No,No,Yes,Yes,Yes,No,Yes,No,+3,64,Once a month,Female
No,Yes,No,Yes,Yes,Yes,No,No,Yes,No,Yes,I hate it!-5,38,Every three months,Female
No,Yes,No,Yes,Yes,No,No,No,Yes,No,Yes,-3,44,Once a year,Male
Yes,Yes,No,Yes,No,Yes,Yes,Yes,No,No,No,+3,47,Once a month,Female
No,Yes,No,Yes,Yes,Yes,Yes,Yes,Yes,No,No,-4,53,Every three months,Female
Yes,Yes,Yes,No,No,Yes,Yes,Yes,No,No,No,I love it!+5,37,Once a month,Male
Yes,No,No,Yes,Yes,Yes,No,Yes,Yes,No,No,I love it!+5,25,Every three months,Male
No,Yes,No,Yes,No,Yes,No,Yes,Yes,No,No,+4,21,More than once a week,Male
No,Yes,No,Yes,Yes,No,No,No,Yes,No,Yes,I hate it!-5,60,Never,Female
No,Yes,No,Yes,No,Yes,No,No,Yes,Yes,No,-2,48,Once a year,Female
No,Yes,No,Yes,Yes,Yes,No,No,Yes,No,No,-4,38,Once a year,Female
Yes,Yes,No,Yes,Yes,Yes,No,Yes,Yes,No,No,+3,24,Once a month,Male
No,Yes,No,Yes,Yes,Yes,No,No,Yes,No,No,+3,26,Once a month,Male
Yes,Yes,No,Yes,Yes,Yes,No,Yes,Yes,No,No,+4,40,Once a week,Female
Yes,Yes,No,Yes,No,Yes,No,Yes,Yes,No,No,+2,62,Once a month,Male
Yes,Yes,No,Yes,No,Yes,Yes,Yes,No,No,No,+1,26,Every three months,Male
No,Yes,No,Yes,No,Yes,Yes,Yes,No,No,No,0,65,Once a month,Female
No,Yes,No,Yes,Yes,No,No,Yes,Yes,No,No,+2,50,Once a month,Male
No,No,No,No,No,Yes,Yes,No,No,No,No,0,26,Never,Female
No,Yes,No,Yes,Yes,Yes,Yes,No,No,No,No,-2,44,Every three months,Female
No,Yes,No,Yes,No,Yes,No,No,No,No,No,0,48,Once a week,Male
No,Yes,No,Yes,Yes,Yes,No,No,Yes,No,Yes,0,29,Once a month,Female
No,Yes,No,Yes,Yes,Yes,No,No,No,No,No,-4,60,Once a year,Female
Yes,Yes,Yes,Yes,No,Yes,Yes,Yes,No,Yes,No,I love it!+5,18,More than once a week,Male
No,Yes,No,Yes,Yes,Yes,Yes,No,No,No,Yes,-3,37,Once a year,Female
Yes,Yes,No,Yes,No,Yes,Yes,No,Yes,No,Yes,-3,55,Once a year,Female
No,Yes,No,Yes,Yes,Yes,Yes,No,No,No,No,+2,39,Every three months,Female
Yes,Yes,No,Yes,No,Yes,No,Yes,Yes,Yes,No,+4,55,Once a month,Male
Yes,Yes,Yes,Yes,Yes,Yes,Yes,Yes,No,No,No,+1,18,Every three months,Male
Yes,Yes,No,Yes,No,Yes,No,Yes,Yes,No,No,I love it!+5,21,Once a week,Female
Yes,Yes,No,Yes,No,Yes,No,Yes,Yes,Yes,No,+2,31,Once a month,Male
Yes,Yes,No,Yes,No,Yes,Yes,Yes,No,Yes,No,+3,28,Once a month,Female
Yes,Yes,No,Yes,Yes,Yes,No,Yes,Yes,No,No,+4,39,Once a month,Male
No,Yes,No,Yes,No,Yes,Yes,Yes,No,No,No,+1,51,Every three months,Male
Yes,Yes,No,Yes,Yes,Yes,Yes,Yes,No,Yes,No,I love it!+5,18,Once a week,Female
No,Yes,No,Yes,No,Yes,Yes,No,No,No,Yes,I hate it!-5,44,Never,Female
No,Yes,Yes,Yes,Yes,Yes,Yes,No,No,No,Yes,-4,66,Never,Male
No,Yes,No,Yes,Yes,Yes,Yes,No,No,No,Yes,-3,34,Once a year,Female
Yes,Yes,No,Yes,No,Yes,Yes,Yes,No,No,No,+1,53,Every three months,Female
No,No,No,Yes,Yes,Yes,No,No,Yes,No,No,-3,42,Once a year,Male
Yes,Yes,No,Yes,Yes,Yes,Yes,Yes,No,No,No,+3,38,Every three months,Female
Yes,Yes,No,Yes,Yes,Yes,Yes,Yes,No,No,No,+3,29,Once a month,Female
No,Yes,No,Yes,Yes,Yes,No,Yes,No,No,No,0,57,Every three months,Male
Yes,Yes,No,Yes,No,Yes,Yes,Yes,Yes,Yes,No,I love it!+5,26,Once a week,Male
Yes,Yes,No,Yes,No,Yes,No,Yes,Yes,No,No,+3,30,Once a week,Female
No,Yes,No,Yes,No,Yes,Yes,Yes,No,No,Yes,+1,46,Every three months,Male
No,Yes,No,Yes,No,Yes,Yes,No,No,No,No,0,61,Every three months,Male
Yes,Yes,No,Yes,No,Yes,Yes,Yes,No,No,No,0,39,Once a week,Male
Yes,Yes,No,Yes,No,Yes,Yes,Yes,No,No,No,+3,62,Every three months,Male
Yes,Yes,No,Yes,No,Yes,Yes,Yes,Yes,Yes,No,+4,43,Once a month,Female
Yes,Yes,No,Yes,Yes,Yes,Yes,Yes,No,No,No,+3,36,Once a month,Female
Yes,Yes,No,No,Yes,Yes,Yes,Yes,No,No,No,+3,60,Every three months,Female
No,Yes,No,Yes,No,Yes,Yes,No,No,No,No,-4,54,Once a year,Female
No,Yes,No,Yes,No,Yes,Yes,Yes,No,No,No,0,48,Once a week,Male
Yes,Yes,No,Yes,Yes,Yes,Yes,Yes,No,No,No,+2,20,Once a month,Male
Yes,Yes,No,Yes,Yes,Yes,Yes,Yes,No,No,No,+2,27,Once a month,Female
No,Yes,No,Yes,No,Yes,Yes,Yes,No,No,No,-1,68,Once a month,Female
No,Yes,No,Yes,Yes,Yes,Yes,Yes,No,No,No,-1,70,Once a month,Male
Yes,Yes,No,Yes,Yes,Yes,Yes,Yes,No,No,No,+3,28,Once a month,Female
No,Yes,No,Yes,Yes,Yes,Yes,No,No,No,Yes,I hate it!-5,59,Never,Female
No,Yes,No,No,No,Yes,Yes,No,No,No,No,-2,45,Once a year,Male
Yes,Yes,No,No,No,Yes,No,Yes,Yes,Yes,No,+2,67,Every three months,Male
Yes,Yes,No,Yes,Yes,Yes,No,No,Yes,No,Yes,+3,26,Once a week,Female
No,No,No,Yes,Yes,Yes,No,No,Yes,No,Yes,I hate it!-5,42,Never,Male
No,Yes,No,No,No,Yes,Yes,No,No,No,No,+4,55,Once a week,Male
No,Yes,No,Yes,Yes,Yes,No,No,No,No,Yes,-2,30,Once a year,Female
Yes,Yes,No,No,No,Yes,No,Yes,No,Yes,No,I love it!+5,33,Once a week,Male
No,Yes,No,Yes,No,Yes,Yes,No,No,No,No,-3,60,Every three months,Female
Yes,Yes,No,Yes,No,Yes,Yes,Yes,No,No,No,+3,57,Once a month,Female
No,Yes,No,Yes,Yes,Yes,Yes,Yes,No,No,No,0,44,Once a month,Male
Yes,Yes,Yes,Yes,No,Yes,Yes,Yes,No,No,No,+4,59,Every three months,Female
No,No,No,Yes,Yes,Yes,Yes,No,No,No,Yes,I hate it!-5,35,Never,Male
No,Yes,No,Yes,Yes,Yes,Yes,No,No,No,No,+1,60,Once a year,Male
No,Yes,No,Yes,Yes,Yes,Yes,No,No,Yes,Yes,I hate it!-5,67,Never,Female
Yes,Yes,No,Yes,Yes,Yes,Yes,Yes,No,No,No,+4,29,Once a week,Female
Yes,Yes,No,Yes,Yes,Yes,Yes,Yes,No,No,No,+4,22,Once a month,Female
Yes,No,No,No,No,Yes,No,Yes,No,No,No,+4,54,Once a year,Female
Yes,Yes,No,Yes,No,Yes,No,Yes,Yes,Yes,No,+3,21,More than once a week,Female
No,Yes,Yes,No,No,Yes,No,Yes,No,No,No,+4,62,Once a month,Female
No,Yes,No,Yes,Yes,Yes,Yes,No,No,No,Yes,I hate it!-5,53,Never,Male
No,Yes,No,Yes,Yes,Yes,No,No,Yes,No,Yes,-4,37,Once a year,Female
Yes,Yes,No,Yes,Yes,Yes,Yes,Yes,No,Yes,No,I love it!+5,44,Once a week,Female
No,Yes,No,Yes,Yes,Yes,Yes,No,No,No,Yes,I hate it!-5,52,Never,Female
No,Yes,No,Yes,No,Yes,No,No,Yes,No,No,+1,55,Every three months,Male
No,Yes,No,Yes,Yes,Yes,No,No,No,No,Yes,-3,32,Once a year,Female
No,No,No,Yes,Yes,No,No,No,Yes,No,Yes,I hate it!-5,32,Once a month,Female
Yes,Yes,No,Yes,No,Yes,No,Yes,Yes,No,No,+2,47,Every three months,Male
No,Yes,No,Yes,Yes,Yes,No,No,No,No,Yes,I hate it!-5,31,Once a year,Male
No,Yes,No,Yes,No,Yes,No,Yes,Yes,No,No,+1,55,Once a year,Male
No,Yes,No,Yes,Yes,Yes,No,No,Yes,Yes,No,-4,60,Once a year,Female
Yes,Yes,No,Yes,No,Yes,No,Yes,Yes,No,No,I love it!+5,70,Once a week,Male
Yes,Yes,No,Yes,No,No,Yes,Yes,No,No,No,+4,49,Once a year,Female
Yes,Yes,No,Yes,Yes,Yes,Yes,Yes,No,No,No,+2,55,Once a year,Female
No,No,No,Yes,Yes,Yes,Yes,No,No,No,No,-2,50,Every three months,Female
Yes,Yes,No,Yes,No,Yes,Yes,Yes,No,No,No,+3,26,Once a month,Male
No,Yes,No,Yes,No,Yes,Yes,No,No,No,Yes,-4,55,Once a year,Male
No,Yes,No,Yes,Yes,Yes,No,Yes,Yes,No,Yes,-3,57,Every three months,Male
No,Yes,No,Yes,Yes,Yes,Yes,No,No,No,No,-1,20,Once a month,Female
Yes,Yes,No,Yes,No,Yes,No,Yes,Yes,Yes,No,+4,46,Once a month,Female
No,No,No,Yes,Yes,Yes,Yes,No,No,No,Yes,I hate it!-5,62,Never,Female
No,Yes,No,Yes,Yes,Yes,Yes,No,No,No,Yes,0,59,Every three months,Female
Yes,Yes,No,Yes,No,Yes,Yes,Yes,No,No,No,+3,53,Once a month,Female
Yes,Yes,No,Yes,Yes,Yes,Yes,Yes,No,No,No,+3,57,Every three months,Female
Yes,Yes,No,Yes,No,Yes,Yes,Yes,No,No,No,+1,59,Every three months,Female
Yes,Yes,No,Yes,No,Yes,Yes,Yes,No,No,No,+3,41,Once a month,Male
No,Yes,No,Yes,No,Yes,Yes,No,No,No,No,+1,36,Once a month,Male
Yes,Yes,No,Yes,No,Yes,Yes,Yes,No,No,No,+4,57,Once a month,Male
Yes,No,No,No,No,Yes,Yes,Yes,No,No,No,I love it!+5,33,Once a month,Female
No,Yes,No,Yes,No,Yes,No,No,Yes,Yes,No,+3,38,Once a month,Female
No,Yes,No,Yes,Yes,Yes,Yes,Yes,No,No,No,+1,37,Every three months,Male
Yes,Yes,No,Yes,Yes,No,Yes,Yes,No,No,No,+4,25,More than once a week,Male
No,Yes,No,Yes,Yes,Yes,Yes,No,Yes,No,Yes,-3,42,Once a week,Male
Yes,Yes,No,Yes,No,Yes,No,Yes,Yes,No,No,+3,55,Every three months,Female
No,Yes,No,Yes,Yes,Yes,Yes,No,No,No,No,+2,21,Once a week,Male
No,No,No,No,No,No,No,No,Yes,No,Yes,I hate it!-5,44,Once a year,Male
Yes,Yes,No,Yes,Yes,Yes,Yes,Yes,No,No,Yes,+4,41,Once a week,Male
No,Yes,No,Yes,Yes,Yes,Yes,No,No,No,Yes,I hate it!-5,25,Never,Male
Yes,Yes,No,Yes,Yes,Yes,No,Yes,Yes,No,No,I love it!+5,24,Once a month,Male
Yes,Yes,No,Yes,No,Yes,Yes,Yes,No,Yes,No,+4,61,Every three months,Female
Yes,Yes,No,Yes,Yes,Yes,No,Yes,Yes,No,No,+3,27,Once a month,Female
Yes,Yes,Yes,Yes,Yes,No,Yes,Yes,No,Yes,Yes,+1,61,Once a month,Male
Yes,Yes,No,No,No,Yes,Yes,Yes,No,No,No,+3,55,Once a month,Female
Yes,Yes,No,Yes,Yes,Yes,No,Yes,Yes,No,No,I love it!+5,29,Once a week,Male
Yes,Yes,No,No,Yes,Yes,Yes,Yes,No,No,No,+4,31,Once a month,Male
Yes,Yes,No,Yes,No,Yes,Yes,Yes,No,No,No,+2,50,Once a year,Female
No,Yes,No,Yes,Yes,Yes,Yes,No,No,Yes,No,-3,55,Never,Male
No,Yes,No,Yes,Yes,Yes,Yes,Yes,No,No,Yes,+1,18,Once a month,Female
Yes,Yes,No,Yes,Yes,Yes,Yes,Yes,No,Yes,No,+1,52,Every three months,Female
No,Yes,No,Yes,Yes,No,No,Yes,Yes,No,No,0,43,Once a month,Male
No,Yes,No,Yes,Yes,No,No,No,Yes,No,Yes,I hate it!-5,47,Once a year,Male
Yes,Yes,No,Yes,No,No,Yes,Yes,No,Yes,No,+2,36,Once a week,Female
Yes,Yes,No,Yes,No,Yes,No,Yes,Yes,No,No,+3,52,Once a month,Female
Yes,Yes,No,No,No,Yes,Yes,Yes,No,Yes,No,+4,41,Every three months,Male
No,Yes,No,Yes,Yes,No,No,No,Yes,No,Yes,-3,30,Every three months,Male
